--
-- Generated by IBM Curam Generator.
--
-- Generator Copyright IBM Corporation 1999, 2012. All Rights Reserved.
--
-- US Government User Restricted Rights - Use, duplication restricted by GSA ADP Schedule Contract with IBM Corp.
--
--
-- HIERARCHY MSWordTemplateCategory
--
INSERT INTO CodetableHierarchy (HIERARCHYNAME, CODETABLE, DESCRIPTION, LASTWRITTEN, VERSIONNO) VALUES ('MSWordTemplateCategory', 'MSWordTemplateCategory', '', CURRENT_TIMESTAMP(''), 1);
--
-- CODETABLE MSWordTemplateCategory
--
INSERT INTO CodeTableHeader (TableName, TimeEntered, DefaultCode, LASTWRITTEN, VERSIONNO) VALUES ('MSWordTemplateCategory', CURRENT_TIMESTAMP(''), '', CURRENT_TIMESTAMP(''), 1);
INSERT INTO CTDISPLAYNAME (TableName, LOCALEIdentifier,TEXT,LASTWRITTEN ) VALUES ( 'MSWordTemplateCategory','en','Microsoft Word Template Category', CURRENT_TIMESTAMP(''));
INSERT INTO CodeTableItem (TABLENAME, CODE, DESCRIPTION, ANNOTATION, COMMENTS, ISENABLED, SORTORDER, LOCALEIDENTIFIER, LASTWRITTEN, VERSIONNO) VALUES ('MSWordTemplateCategory', 'TC3001', 'Home Study', '', '', '1', 0, 'en', CURRENT_TIMESTAMP(''), 1);
INSERT INTO CodeTableItem (TABLENAME, CODE, DESCRIPTION, ANNOTATION, COMMENTS, ISENABLED, SORTORDER, LOCALEIDENTIFIER, LASTWRITTEN, VERSIONNO) VALUES ('MSWordTemplateCategory', 'TC2001', 'All Communication', '', '', '1', 0, 'en', CURRENT_TIMESTAMP(''), 1);
INSERT INTO CodeTableItem (TABLENAME, CODE, DESCRIPTION, ANNOTATION, COMMENTS, ISENABLED, SORTORDER, LOCALEIDENTIFIER, LASTWRITTEN, VERSIONNO) VALUES ('MSWordTemplateCategory', 'TC2002', 'Product Delivery', '', '', '1', 0, 'en', CURRENT_TIMESTAMP(''), 1);
INSERT INTO CodeTableItem (TABLENAME, CODE, DESCRIPTION, ANNOTATION, COMMENTS, ISENABLED, SORTORDER, LOCALEIDENTIFIER, LASTWRITTEN, VERSIONNO) VALUES ('MSWordTemplateCategory', 'TC2003', 'Integrated Case', '', '', '1', 0, 'en', CURRENT_TIMESTAMP(''), 1);
INSERT INTO CodeTableItem (TABLENAME, CODE, DESCRIPTION, ANNOTATION, COMMENTS, ISENABLED, SORTORDER, LOCALEIDENTIFIER, LASTWRITTEN, VERSIONNO) VALUES ('MSWordTemplateCategory', 'TC2004', 'Assessment', '', '', '1', 0, 'en', CURRENT_TIMESTAMP(''), 1);
INSERT INTO CodeTableItem (TABLENAME, CODE, DESCRIPTION, ANNOTATION, COMMENTS, ISENABLED, SORTORDER, LOCALEIDENTIFIER, LASTWRITTEN, VERSIONNO) VALUES ('MSWordTemplateCategory', 'TC2005', 'Investigation', '', '', '1', 0, 'en', CURRENT_TIMESTAMP(''), 1);
INSERT INTO CodeTableItem (TABLENAME, CODE, DESCRIPTION, ANNOTATION, COMMENTS, ISENABLED, SORTORDER, LOCALEIDENTIFIER, LASTWRITTEN, VERSIONNO) VALUES ('MSWordTemplateCategory', 'TC2006', 'Issue', '', '', '1', 0, 'en', CURRENT_TIMESTAMP(''), 1);
INSERT INTO CodeTableItem (TABLENAME, CODE, DESCRIPTION, ANNOTATION, COMMENTS, ISENABLED, SORTORDER, LOCALEIDENTIFIER, LASTWRITTEN, VERSIONNO) VALUES ('MSWordTemplateCategory', 'TC2007', 'Screening', '', '', '1', 0, 'en', CURRENT_TIMESTAMP(''), 1);
INSERT INTO CodeTableItem (TABLENAME, CODE, DESCRIPTION, ANNOTATION, COMMENTS, ISENABLED, SORTORDER, LOCALEIDENTIFIER, LASTWRITTEN, VERSIONNO) VALUES ('MSWordTemplateCategory', 'TC2008', 'Participant', '', '', '1', 0, 'en', CURRENT_TIMESTAMP(''), 1);
INSERT INTO CodeTableItem (TABLENAME, CODE, DESCRIPTION, ANNOTATION, COMMENTS, ISENABLED, SORTORDER, LOCALEIDENTIFIER, LASTWRITTEN, VERSIONNO) VALUES ('MSWordTemplateCategory', 'TC2009', 'Case Contract', '', '', '1', 0, 'en', CURRENT_TIMESTAMP(''), 1);
INSERT INTO CodeTableItem (TABLENAME, CODE, DESCRIPTION, ANNOTATION, COMMENTS, ISENABLED, SORTORDER, LOCALEIDENTIFIER, LASTWRITTEN, VERSIONNO) VALUES ('MSWordTemplateCategory', 'TC2011', 'Cases', '', '', '1', 0, 'en', CURRENT_TIMESTAMP(''), 1);
--
-- CODETABLE MSWordTemplateType
--
INSERT INTO CodeTableHeader (TableName, TimeEntered, DefaultCode, LASTWRITTEN, VERSIONNO, PARENTCODETABLE) VALUES ('MSWordTemplateType', CURRENT_TIMESTAMP(''), 'TT2028', CURRENT_TIMESTAMP(''), 1, 'MSWordTemplateCategory');
INSERT INTO CTDISPLAYNAME (TableName, LOCALEIdentifier,TEXT,LASTWRITTEN ) VALUES ( 'MSWordTemplateType','en','Microsoft Word Template Type', CURRENT_TIMESTAMP(''));
INSERT INTO CodeTableItem (TABLENAME, CODE, DESCRIPTION, ANNOTATION, COMMENTS, ISENABLED, SORTORDER, LOCALEIDENTIFIER, LASTWRITTEN, VERSIONNO, PARENTCODE) VALUES ('MSWordTemplateType', 'TT3001', 'Home Study', '', '', '1', 0, 'en', CURRENT_TIMESTAMP(''), 1, 'TC3001');
INSERT INTO CodeTableItem (TABLENAME, CODE, DESCRIPTION, ANNOTATION, COMMENTS, ISENABLED, SORTORDER, LOCALEIDENTIFIER, LASTWRITTEN, VERSIONNO, PARENTCODE) VALUES ('MSWordTemplateType', 'TT2001', 'All Communications', '', '', '1', 0, 'en', CURRENT_TIMESTAMP(''), 1, 'TC2001');
INSERT INTO CodeTableItem (TABLENAME, CODE, DESCRIPTION, ANNOTATION, COMMENTS, ISENABLED, SORTORDER, LOCALEIDENTIFIER, LASTWRITTEN, VERSIONNO, PARENTCODE) VALUES ('MSWordTemplateType', 'TT2002', 'All Product Deliveries', '', '', '1', 0, 'en', CURRENT_TIMESTAMP(''), 1, 'TC2002');
INSERT INTO CodeTableItem (TABLENAME, CODE, DESCRIPTION, ANNOTATION, COMMENTS, ISENABLED, SORTORDER, LOCALEIDENTIFIER, LASTWRITTEN, VERSIONNO, PARENTCODE) VALUES ('MSWordTemplateType', 'TT2003', 'Benefit Overpayment', '', '', '1', 0, 'en', CURRENT_TIMESTAMP(''), 1, 'TC2002');
INSERT INTO CodeTableItem (TABLENAME, CODE, DESCRIPTION, ANNOTATION, COMMENTS, ISENABLED, SORTORDER, LOCALEIDENTIFIER, LASTWRITTEN, VERSIONNO, PARENTCODE) VALUES ('MSWordTemplateType', 'TT2004', 'Integrated Case Benefit Sample', '', '', '1', 0, 'en', CURRENT_TIMESTAMP(''), 1, 'TC2002');
INSERT INTO CodeTableItem (TABLENAME, CODE, DESCRIPTION, ANNOTATION, COMMENTS, ISENABLED, SORTORDER, LOCALEIDENTIFIER, LASTWRITTEN, VERSIONNO, PARENTCODE) VALUES ('MSWordTemplateType', 'TT2005', 'Integrated Case Benefit Underpayment', '', '', '1', 0, 'en', CURRENT_TIMESTAMP(''), 1, 'TC2002');
INSERT INTO CodeTableItem (TABLENAME, CODE, DESCRIPTION, ANNOTATION, COMMENTS, ISENABLED, SORTORDER, LOCALEIDENTIFIER, LASTWRITTEN, VERSIONNO, PARENTCODE) VALUES ('MSWordTemplateType', 'TT2006', 'Integrated Case Sporting Grant Sample', '', '', '1', 0, 'en', CURRENT_TIMESTAMP(''), 1, 'TC2002');
INSERT INTO CodeTableItem (TABLENAME, CODE, DESCRIPTION, ANNOTATION, COMMENTS, ISENABLED, SORTORDER, LOCALEIDENTIFIER, LASTWRITTEN, VERSIONNO, PARENTCODE) VALUES ('MSWordTemplateType', 'TT2007', 'Liability Sample', '', '', '1', 0, 'en', CURRENT_TIMESTAMP(''), 1, 'TC2002');
INSERT INTO CodeTableItem (TABLENAME, CODE, DESCRIPTION, ANNOTATION, COMMENTS, ISENABLED, SORTORDER, LOCALEIDENTIFIER, LASTWRITTEN, VERSIONNO, PARENTCODE) VALUES ('MSWordTemplateType', 'TT2008', 'All Integrated Cases', '', '', '1', 0, 'en', CURRENT_TIMESTAMP(''), 1, 'TC2003');
INSERT INTO CodeTableItem (TABLENAME, CODE, DESCRIPTION, ANNOTATION, COMMENTS, ISENABLED, SORTORDER, LOCALEIDENTIFIER, LASTWRITTEN, VERSIONNO, PARENTCODE) VALUES ('MSWordTemplateType', 'TT2009', 'Assistance', '', '', '1', 0, 'en', CURRENT_TIMESTAMP(''), 1, 'TC2003');
INSERT INTO CodeTableItem (TABLENAME, CODE, DESCRIPTION, ANNOTATION, COMMENTS, ISENABLED, SORTORDER, LOCALEIDENTIFIER, LASTWRITTEN, VERSIONNO, PARENTCODE) VALUES ('MSWordTemplateType', 'TT2010', 'Sporting Grant', '', '', '1', 0, 'en', CURRENT_TIMESTAMP(''), 1, 'TC2003');
INSERT INTO CodeTableItem (TABLENAME, CODE, DESCRIPTION, ANNOTATION, COMMENTS, ISENABLED, SORTORDER, LOCALEIDENTIFIER, LASTWRITTEN, VERSIONNO, PARENTCODE) VALUES ('MSWordTemplateType', 'TT2011', 'All Assessments', '', '', '1', 0, 'en', CURRENT_TIMESTAMP(''), 1, 'TC2004');
INSERT INTO CodeTableItem (TABLENAME, CODE, DESCRIPTION, ANNOTATION, COMMENTS, ISENABLED, SORTORDER, LOCALEIDENTIFIER, LASTWRITTEN, VERSIONNO, PARENTCODE) VALUES ('MSWordTemplateType', 'TT2012', 'General', '', '', '1', 0, 'en', CURRENT_TIMESTAMP(''), 1, 'TC2004');
INSERT INTO CodeTableItem (TABLENAME, CODE, DESCRIPTION, ANNOTATION, COMMENTS, ISENABLED, SORTORDER, LOCALEIDENTIFIER, LASTWRITTEN, VERSIONNO, PARENTCODE) VALUES ('MSWordTemplateType', 'TT2013', 'Financial', '', '', '1', 0, 'en', CURRENT_TIMESTAMP(''), 1, 'TC2004');
INSERT INTO CodeTableItem (TABLENAME, CODE, DESCRIPTION, ANNOTATION, COMMENTS, ISENABLED, SORTORDER, LOCALEIDENTIFIER, LASTWRITTEN, VERSIONNO, PARENTCODE) VALUES ('MSWordTemplateType', 'TT2014', 'Means', '', '', '1', 0, 'en', CURRENT_TIMESTAMP(''), 1, 'TC2004');
INSERT INTO CodeTableItem (TABLENAME, CODE, DESCRIPTION, ANNOTATION, COMMENTS, ISENABLED, SORTORDER, LOCALEIDENTIFIER, LASTWRITTEN, VERSIONNO, PARENTCODE) VALUES ('MSWordTemplateType', 'TT2015', 'All Investigations', '', '', '1', 0, 'en', CURRENT_TIMESTAMP(''), 1, 'TC2005');
INSERT INTO CodeTableItem (TABLENAME, CODE, DESCRIPTION, ANNOTATION, COMMENTS, ISENABLED, SORTORDER, LOCALEIDENTIFIER, LASTWRITTEN, VERSIONNO, PARENTCODE) VALUES ('MSWordTemplateType', 'TT2016', 'Benefit Fraud', '', '', '1', 0, 'en', CURRENT_TIMESTAMP(''), 1, 'TC2005');
INSERT INTO CodeTableItem (TABLENAME, CODE, DESCRIPTION, ANNOTATION, COMMENTS, ISENABLED, SORTORDER, LOCALEIDENTIFIER, LASTWRITTEN, VERSIONNO, PARENTCODE) VALUES ('MSWordTemplateType', 'TT2017', 'Child Services', '', '', '1', 0, 'en', CURRENT_TIMESTAMP(''), 1, 'TC2005');
INSERT INTO CodeTableItem (TABLENAME, CODE, DESCRIPTION, ANNOTATION, COMMENTS, ISENABLED, SORTORDER, LOCALEIDENTIFIER, LASTWRITTEN, VERSIONNO, PARENTCODE) VALUES ('MSWordTemplateType', 'TT2018', 'All Issues', '', '', '1', 0, 'en', CURRENT_TIMESTAMP(''), 1, 'TC2006');
INSERT INTO CodeTableItem (TABLENAME, CODE, DESCRIPTION, ANNOTATION, COMMENTS, ISENABLED, SORTORDER, LOCALEIDENTIFIER, LASTWRITTEN, VERSIONNO, PARENTCODE) VALUES ('MSWordTemplateType', 'TT2019', 'Earned Income', '', '', '1', 0, 'en', CURRENT_TIMESTAMP(''), 1, 'TC2006');
INSERT INTO CodeTableItem (TABLENAME, CODE, DESCRIPTION, ANNOTATION, COMMENTS, ISENABLED, SORTORDER, LOCALEIDENTIFIER, LASTWRITTEN, VERSIONNO, PARENTCODE) VALUES ('MSWordTemplateType', 'TT2020', 'Holiday Pay', '', '', '1', 0, 'en', CURRENT_TIMESTAMP(''), 1, 'TC2006');
INSERT INTO CodeTableItem (TABLENAME, CODE, DESCRIPTION, ANNOTATION, COMMENTS, ISENABLED, SORTORDER, LOCALEIDENTIFIER, LASTWRITTEN, VERSIONNO, PARENTCODE) VALUES ('MSWordTemplateType', 'TT2021', 'Pension', '', '', '1', 0, 'en', CURRENT_TIMESTAMP(''), 1, 'TC2006');
INSERT INTO CodeTableItem (TABLENAME, CODE, DESCRIPTION, ANNOTATION, COMMENTS, ISENABLED, SORTORDER, LOCALEIDENTIFIER, LASTWRITTEN, VERSIONNO, PARENTCODE) VALUES ('MSWordTemplateType', 'TT2022', 'Separation Income', '', '', '1', 0, 'en', CURRENT_TIMESTAMP(''), 1, 'TC2006');
INSERT INTO CodeTableItem (TABLENAME, CODE, DESCRIPTION, ANNOTATION, COMMENTS, ISENABLED, SORTORDER, LOCALEIDENTIFIER, LASTWRITTEN, VERSIONNO, PARENTCODE) VALUES ('MSWordTemplateType', 'TT2023', 'All Screening Cases', '', '', '1', 0, 'en', CURRENT_TIMESTAMP(''), 1, 'TC2007');
INSERT INTO CodeTableItem (TABLENAME, CODE, DESCRIPTION, ANNOTATION, COMMENTS, ISENABLED, SORTORDER, LOCALEIDENTIFIER, LASTWRITTEN, VERSIONNO, PARENTCODE) VALUES ('MSWordTemplateType', 'DC2', 'All Participant Types', '', '', '1', 0, 'en', CURRENT_TIMESTAMP(''), 1, 'TC2008');
INSERT INTO CodeTableItem (TABLENAME, CODE, DESCRIPTION, ANNOTATION, COMMENTS, ISENABLED, SORTORDER, LOCALEIDENTIFIER, LASTWRITTEN, VERSIONNO, PARENTCODE) VALUES ('MSWordTemplateType', 'TT2025', 'Employer', '', '', '1', 0, 'en', CURRENT_TIMESTAMP(''), 1, 'TC2008');
INSERT INTO CodeTableItem (TABLENAME, CODE, DESCRIPTION, ANNOTATION, COMMENTS, ISENABLED, SORTORDER, LOCALEIDENTIFIER, LASTWRITTEN, VERSIONNO, PARENTCODE) VALUES ('MSWordTemplateType', 'TT2026', 'External Party', '', '', '1', 0, 'en', CURRENT_TIMESTAMP(''), 1, 'TC2008');
INSERT INTO CodeTableItem (TABLENAME, CODE, DESCRIPTION, ANNOTATION, COMMENTS, ISENABLED, SORTORDER, LOCALEIDENTIFIER, LASTWRITTEN, VERSIONNO, PARENTCODE) VALUES ('MSWordTemplateType', 'TT2027', 'Information Provider', '', '', '1', 0, 'en', CURRENT_TIMESTAMP(''), 1, 'TC2008');
INSERT INTO CodeTableItem (TABLENAME, CODE, DESCRIPTION, ANNOTATION, COMMENTS, ISENABLED, SORTORDER, LOCALEIDENTIFIER, LASTWRITTEN, VERSIONNO, PARENTCODE) VALUES ('MSWordTemplateType', 'TT2028', 'Person', '', '', '1', 0, 'en', CURRENT_TIMESTAMP(''), 1, 'TC2008');
INSERT INTO CodeTableItem (TABLENAME, CODE, DESCRIPTION, ANNOTATION, COMMENTS, ISENABLED, SORTORDER, LOCALEIDENTIFIER, LASTWRITTEN, VERSIONNO, PARENTCODE) VALUES ('MSWordTemplateType', 'TT2029', 'Service Supplier', '', '', '1', 0, 'en', CURRENT_TIMESTAMP(''), 1, 'TC2008');
INSERT INTO CodeTableItem (TABLENAME, CODE, DESCRIPTION, ANNOTATION, COMMENTS, ISENABLED, SORTORDER, LOCALEIDENTIFIER, LASTWRITTEN, VERSIONNO, PARENTCODE) VALUES ('MSWordTemplateType', 'TT2030', 'Utility', '', '', '1', 0, 'en', CURRENT_TIMESTAMP(''), 1, 'TC2008');
INSERT INTO CodeTableItem (TABLENAME, CODE, DESCRIPTION, ANNOTATION, COMMENTS, ISENABLED, SORTORDER, LOCALEIDENTIFIER, LASTWRITTEN, VERSIONNO, PARENTCODE) VALUES ('MSWordTemplateType', 'TT2031', 'Product Provider', '', '', '1', 0, 'en', CURRENT_TIMESTAMP(''), 1, 'TC2008');
INSERT INTO CodeTableItem (TABLENAME, CODE, DESCRIPTION, ANNOTATION, COMMENTS, ISENABLED, SORTORDER, LOCALEIDENTIFIER, LASTWRITTEN, VERSIONNO, PARENTCODE) VALUES ('MSWordTemplateType', 'TT2032', 'Prospect Person', '', '', '1', 0, 'en', CURRENT_TIMESTAMP(''), 1, 'TC2008');
INSERT INTO CodeTableItem (TABLENAME, CODE, DESCRIPTION, ANNOTATION, COMMENTS, ISENABLED, SORTORDER, LOCALEIDENTIFIER, LASTWRITTEN, VERSIONNO, PARENTCODE) VALUES ('MSWordTemplateType', 'TT2033', 'Prospect Employer', '', '', '1', 0, 'en', CURRENT_TIMESTAMP(''), 1, 'TC2008');
INSERT INTO CodeTableItem (TABLENAME, CODE, DESCRIPTION, ANNOTATION, COMMENTS, ISENABLED, SORTORDER, LOCALEIDENTIFIER, LASTWRITTEN, VERSIONNO, PARENTCODE) VALUES ('MSWordTemplateType', 'TT2034', 'Educational Institute', '', '', '1', 0, 'en', CURRENT_TIMESTAMP(''), 1, 'TC2008');
INSERT INTO CodeTableItem (TABLENAME, CODE, DESCRIPTION, ANNOTATION, COMMENTS, ISENABLED, SORTORDER, LOCALEIDENTIFIER, LASTWRITTEN, VERSIONNO, PARENTCODE) VALUES ('MSWordTemplateType', 'TT2035', 'Case Contract', '', '', '1', 0, 'en', CURRENT_TIMESTAMP(''), 1, 'TC2009');
INSERT INTO CodeTableItem (TABLENAME, CODE, DESCRIPTION, ANNOTATION, COMMENTS, ISENABLED, SORTORDER, LOCALEIDENTIFIER, LASTWRITTEN, VERSIONNO, PARENTCODE) VALUES ('MSWordTemplateType', 'DC1', 'All Case Types', '', '', '1', 0, 'en', CURRENT_TIMESTAMP(''), 1, 'TC2011');

