--
-- Generated by IBM Curam Generator.
--
-- Generator Copyright IBM Corporation 1999, 2012. All Rights Reserved.
--
-- US Government User Restricted Rights - Use, duplication restricted by GSA ADP Schedule Contract with IBM Corp.
--
--
-- HIERARCHY ProviderCatTypeHierarchy
--
INSERT INTO CodetableHierarchy (HIERARCHYNAME, CODETABLE, DESCRIPTION, LASTWRITTEN, VERSIONNO) VALUES ('ProviderCatTypeHierarchy', 'TrainingProviderCategory', '', CURRENT_TIMESTAMP(''), 1);
--
-- CODETABLE TrainingProviderCategory
--
INSERT INTO CodeTableHeader (TableName, TimeEntered, DefaultCode, LASTWRITTEN, VERSIONNO) VALUES ('TrainingProviderCategory', CURRENT_TIMESTAMP(''), '', CURRENT_TIMESTAMP(''), 1);
INSERT INTO CTDISPLAYNAME (TableName, LOCALEIdentifier,TEXT,LASTWRITTEN ) VALUES ( 'TrainingProviderCategory','en','Training Provider Category', CURRENT_TIMESTAMP(''));
INSERT INTO CodeTableItem (TABLENAME, CODE, DESCRIPTION, ANNOTATION, COMMENTS, ISENABLED, SORTORDER, LOCALEIDENTIFIER, LASTWRITTEN, VERSIONNO) VALUES ('TrainingProviderCategory', 'CAT1', 'Housing Facility', '', '', '1', 0, 'en', CURRENT_TIMESTAMP(''), 1);
INSERT INTO CodeTableItem (TABLENAME, CODE, DESCRIPTION, ANNOTATION, COMMENTS, ISENABLED, SORTORDER, LOCALEIDENTIFIER, LASTWRITTEN, VERSIONNO) VALUES ('TrainingProviderCategory', 'CAT2', 'Child Care Facility', '', '', '1', 0, 'en', CURRENT_TIMESTAMP(''), 1);
INSERT INTO CodeTableItem (TABLENAME, CODE, DESCRIPTION, ANNOTATION, COMMENTS, ISENABLED, SORTORDER, LOCALEIDENTIFIER, LASTWRITTEN, VERSIONNO) VALUES ('TrainingProviderCategory', 'CAT3', 'Medical Practitioner', '', '', '1', 0, 'en', CURRENT_TIMESTAMP(''), 1);
INSERT INTO CodeTableItem (TABLENAME, CODE, DESCRIPTION, ANNOTATION, COMMENTS, ISENABLED, SORTORDER, LOCALEIDENTIFIER, LASTWRITTEN, VERSIONNO) VALUES ('TrainingProviderCategory', 'CAT4', 'Foster Care Home', '', '', '1', 0, 'en', CURRENT_TIMESTAMP(''), 1);
INSERT INTO CodeTableItem (TABLENAME, CODE, DESCRIPTION, ANNOTATION, COMMENTS, ISENABLED, SORTORDER, LOCALEIDENTIFIER, LASTWRITTEN, VERSIONNO) VALUES ('TrainingProviderCategory', 'CAT5', 'Kinship Care Home', '', '', '1', 0, 'en', CURRENT_TIMESTAMP(''), 1);
INSERT INTO CodeTableItem (TABLENAME, CODE, DESCRIPTION, ANNOTATION, COMMENTS, ISENABLED, SORTORDER, LOCALEIDENTIFIER, LASTWRITTEN, VERSIONNO) VALUES ('TrainingProviderCategory', 'CAT6', 'Facility', '', '', '1', 0, 'en', CURRENT_TIMESTAMP(''), 1);
INSERT INTO CodeTableItem (TABLENAME, CODE, DESCRIPTION, ANNOTATION, COMMENTS, ISENABLED, SORTORDER, LOCALEIDENTIFIER, LASTWRITTEN, VERSIONNO) VALUES ('TrainingProviderCategory', 'CAT7', 'Adoptive Home', '', '', '1', 0, 'en', CURRENT_TIMESTAMP(''), 1);
--
-- CODETABLE TrainingProviderType
--
INSERT INTO CodeTableHeader (TableName, TimeEntered, DefaultCode, LASTWRITTEN, VERSIONNO, PARENTCODETABLE) VALUES ('TrainingProviderType', CURRENT_TIMESTAMP(''), '', CURRENT_TIMESTAMP(''), 1, 'TrainingProviderCategory');
INSERT INTO CTDISPLAYNAME (TableName, LOCALEIdentifier,TEXT,LASTWRITTEN ) VALUES ( 'TrainingProviderType','en','Training Provider Type', CURRENT_TIMESTAMP(''));
INSERT INTO CodeTableItem (TABLENAME, CODE, DESCRIPTION, ANNOTATION, COMMENTS, ISENABLED, SORTORDER, LOCALEIDENTIFIER, LASTWRITTEN, VERSIONNO, PARENTCODE) VALUES ('TrainingProviderType', 'APT1', 'All provider types within category', '', '', '1', 0, 'en', CURRENT_TIMESTAMP(''), 1, 'CAT1');
INSERT INTO CodeTableItem (TABLENAME, CODE, DESCRIPTION, ANNOTATION, COMMENTS, ISENABLED, SORTORDER, LOCALEIDENTIFIER, LASTWRITTEN, VERSIONNO, PARENTCODE) VALUES ('TrainingProviderType', 'APT2', 'All provider types within category', '', '', '1', 0, 'en', CURRENT_TIMESTAMP(''), 1, 'CAT2');
INSERT INTO CodeTableItem (TABLENAME, CODE, DESCRIPTION, ANNOTATION, COMMENTS, ISENABLED, SORTORDER, LOCALEIDENTIFIER, LASTWRITTEN, VERSIONNO, PARENTCODE) VALUES ('TrainingProviderType', 'APT3', 'All provider types within category', '', '', '1', 0, 'en', CURRENT_TIMESTAMP(''), 1, 'CAT3');
INSERT INTO CodeTableItem (TABLENAME, CODE, DESCRIPTION, ANNOTATION, COMMENTS, ISENABLED, SORTORDER, LOCALEIDENTIFIER, LASTWRITTEN, VERSIONNO, PARENTCODE) VALUES ('TrainingProviderType', 'APT4', 'All provider types within category', '', '', '1', 0, 'en', CURRENT_TIMESTAMP(''), 1, 'CAT4');
INSERT INTO CodeTableItem (TABLENAME, CODE, DESCRIPTION, ANNOTATION, COMMENTS, ISENABLED, SORTORDER, LOCALEIDENTIFIER, LASTWRITTEN, VERSIONNO, PARENTCODE) VALUES ('TrainingProviderType', 'APT5', 'All provider types within category', '', '', '1', 0, 'en', CURRENT_TIMESTAMP(''), 1, 'CAT5');
INSERT INTO CodeTableItem (TABLENAME, CODE, DESCRIPTION, ANNOTATION, COMMENTS, ISENABLED, SORTORDER, LOCALEIDENTIFIER, LASTWRITTEN, VERSIONNO, PARENTCODE) VALUES ('TrainingProviderType', 'APT6', 'All provider types within category', '', '', '1', 0, 'en', CURRENT_TIMESTAMP(''), 1, 'CAT6');
INSERT INTO CodeTableItem (TABLENAME, CODE, DESCRIPTION, ANNOTATION, COMMENTS, ISENABLED, SORTORDER, LOCALEIDENTIFIER, LASTWRITTEN, VERSIONNO, PARENTCODE) VALUES ('TrainingProviderType', 'APT7', 'All provider types within category', '', '', '1', 0, 'en', CURRENT_TIMESTAMP(''), 1, 'CAT7');
INSERT INTO CodeTableItem (TABLENAME, CODE, DESCRIPTION, ANNOTATION, COMMENTS, ISENABLED, SORTORDER, LOCALEIDENTIFIER, LASTWRITTEN, VERSIONNO, PARENTCODE) VALUES ('TrainingProviderType', 'TYP1', 'Non-Secure Housing Facility', '', '', '1', 0, 'en', CURRENT_TIMESTAMP(''), 1, 'CAT1');
INSERT INTO CodeTableItem (TABLENAME, CODE, DESCRIPTION, ANNOTATION, COMMENTS, ISENABLED, SORTORDER, LOCALEIDENTIFIER, LASTWRITTEN, VERSIONNO, PARENTCODE) VALUES ('TrainingProviderType', 'TYP2', 'Secure Housing Facility', '', '', '1', 0, 'en', CURRENT_TIMESTAMP(''), 1, 'CAT1');
INSERT INTO CodeTableItem (TABLENAME, CODE, DESCRIPTION, ANNOTATION, COMMENTS, ISENABLED, SORTORDER, LOCALEIDENTIFIER, LASTWRITTEN, VERSIONNO, PARENTCODE) VALUES ('TrainingProviderType', 'TYP3', 'Child Care Center', '', '', '1', 0, 'en', CURRENT_TIMESTAMP(''), 1, 'CAT2');
INSERT INTO CodeTableItem (TABLENAME, CODE, DESCRIPTION, ANNOTATION, COMMENTS, ISENABLED, SORTORDER, LOCALEIDENTIFIER, LASTWRITTEN, VERSIONNO, PARENTCODE) VALUES ('TrainingProviderType', 'TYP3', 'Child Care Centre', '', '', '1', 0, 'en_GB', CURRENT_TIMESTAMP(''), 1, 'CAT2');
INSERT INTO CodeTableItem (TABLENAME, CODE, DESCRIPTION, ANNOTATION, COMMENTS, ISENABLED, SORTORDER, LOCALEIDENTIFIER, LASTWRITTEN, VERSIONNO, PARENTCODE) VALUES ('TrainingProviderType', 'TYP4', 'Family Day Home', '', '', '1', 0, 'en', CURRENT_TIMESTAMP(''), 1, 'CAT2');
INSERT INTO CodeTableItem (TABLENAME, CODE, DESCRIPTION, ANNOTATION, COMMENTS, ISENABLED, SORTORDER, LOCALEIDENTIFIER, LASTWRITTEN, VERSIONNO, PARENTCODE) VALUES ('TrainingProviderType', 'TYP5', 'Group Home', '', '', '1', 0, 'en', CURRENT_TIMESTAMP(''), 1, 'CAT2');
INSERT INTO CodeTableItem (TABLENAME, CODE, DESCRIPTION, ANNOTATION, COMMENTS, ISENABLED, SORTORDER, LOCALEIDENTIFIER, LASTWRITTEN, VERSIONNO, PARENTCODE) VALUES ('TrainingProviderType', 'TYP6', 'Physician', '', '', '1', 0, 'en', CURRENT_TIMESTAMP(''), 1, 'CAT3');
INSERT INTO CodeTableItem (TABLENAME, CODE, DESCRIPTION, ANNOTATION, COMMENTS, ISENABLED, SORTORDER, LOCALEIDENTIFIER, LASTWRITTEN, VERSIONNO, PARENTCODE) VALUES ('TrainingProviderType', 'TYP7', 'Chiropractor', '', '', '1', 0, 'en', CURRENT_TIMESTAMP(''), 1, 'CAT3');
INSERT INTO CodeTableItem (TABLENAME, CODE, DESCRIPTION, ANNOTATION, COMMENTS, ISENABLED, SORTORDER, LOCALEIDENTIFIER, LASTWRITTEN, VERSIONNO, PARENTCODE) VALUES ('TrainingProviderType', 'TYP8', 'Physiotherapist', '', '', '1', 0, 'en', CURRENT_TIMESTAMP(''), 1, 'CAT3');
INSERT INTO CodeTableItem (TABLENAME, CODE, DESCRIPTION, ANNOTATION, COMMENTS, ISENABLED, SORTORDER, LOCALEIDENTIFIER, LASTWRITTEN, VERSIONNO, PARENTCODE) VALUES ('TrainingProviderType', 'TYP9', 'Registered Nurse', '', '', '1', 0, 'en', CURRENT_TIMESTAMP(''), 1, 'CAT3');
INSERT INTO CodeTableItem (TABLENAME, CODE, DESCRIPTION, ANNOTATION, COMMENTS, ISENABLED, SORTORDER, LOCALEIDENTIFIER, LASTWRITTEN, VERSIONNO, PARENTCODE) VALUES ('TrainingProviderType', 'TYP10', 'Traditional Foster Care Home', '', '', '1', 0, 'en', CURRENT_TIMESTAMP(''), 1, 'CAT4');
INSERT INTO CodeTableItem (TABLENAME, CODE, DESCRIPTION, ANNOTATION, COMMENTS, ISENABLED, SORTORDER, LOCALEIDENTIFIER, LASTWRITTEN, VERSIONNO, PARENTCODE) VALUES ('TrainingProviderType', 'TYP11', 'Treatment Foster Care Home', '', '', '1', 0, 'en', CURRENT_TIMESTAMP(''), 1, 'CAT4');
INSERT INTO CodeTableItem (TABLENAME, CODE, DESCRIPTION, ANNOTATION, COMMENTS, ISENABLED, SORTORDER, LOCALEIDENTIFIER, LASTWRITTEN, VERSIONNO, PARENTCODE) VALUES ('TrainingProviderType', 'TYP12', 'Emergency Care Home', '', '', '1', 0, 'en', CURRENT_TIMESTAMP(''), 1, 'CAT4');
INSERT INTO CodeTableItem (TABLENAME, CODE, DESCRIPTION, ANNOTATION, COMMENTS, ISENABLED, SORTORDER, LOCALEIDENTIFIER, LASTWRITTEN, VERSIONNO, PARENTCODE) VALUES ('TrainingProviderType', 'TYP13', 'Relative Foster Care Home', '', '', '1', 0, 'en', CURRENT_TIMESTAMP(''), 1, 'CAT5');
INSERT INTO CodeTableItem (TABLENAME, CODE, DESCRIPTION, ANNOTATION, COMMENTS, ISENABLED, SORTORDER, LOCALEIDENTIFIER, LASTWRITTEN, VERSIONNO, PARENTCODE) VALUES ('TrainingProviderType', 'TYP14', 'Community Foster Care Home', '', '', '1', 0, 'en', CURRENT_TIMESTAMP(''), 1, 'CAT5');
INSERT INTO CodeTableItem (TABLENAME, CODE, DESCRIPTION, ANNOTATION, COMMENTS, ISENABLED, SORTORDER, LOCALEIDENTIFIER, LASTWRITTEN, VERSIONNO, PARENTCODE) VALUES ('TrainingProviderType', 'TYP15', 'Residential Care Facility', '', '', '1', 0, 'en', CURRENT_TIMESTAMP(''), 1, 'CAT6');
INSERT INTO CodeTableItem (TABLENAME, CODE, DESCRIPTION, ANNOTATION, COMMENTS, ISENABLED, SORTORDER, LOCALEIDENTIFIER, LASTWRITTEN, VERSIONNO, PARENTCODE) VALUES ('TrainingProviderType', 'TYP16', 'Nursing Home', '', '', '1', 0, 'en', CURRENT_TIMESTAMP(''), 1, 'CAT6');
INSERT INTO CodeTableItem (TABLENAME, CODE, DESCRIPTION, ANNOTATION, COMMENTS, ISENABLED, SORTORDER, LOCALEIDENTIFIER, LASTWRITTEN, VERSIONNO, PARENTCODE) VALUES ('TrainingProviderType', 'TYP17', 'Organization Adoptive Home', '', '', '1', 0, 'en', CURRENT_TIMESTAMP(''), 1, 'CAT7');
INSERT INTO CodeTableItem (TABLENAME, CODE, DESCRIPTION, ANNOTATION, COMMENTS, ISENABLED, SORTORDER, LOCALEIDENTIFIER, LASTWRITTEN, VERSIONNO, PARENTCODE) VALUES ('TrainingProviderType', 'TYP17', 'Organisation Adoptive Home', '', '', '1', 0, 'en_GB', CURRENT_TIMESTAMP(''), 1, 'CAT7');
INSERT INTO CodeTableItem (TABLENAME, CODE, DESCRIPTION, ANNOTATION, COMMENTS, ISENABLED, SORTORDER, LOCALEIDENTIFIER, LASTWRITTEN, VERSIONNO, PARENTCODE) VALUES ('TrainingProviderType', 'TYP18', 'Private Adoptive Home', '', '', '1', 0, 'en', CURRENT_TIMESTAMP(''), 1, 'CAT7');
INSERT INTO CodeTableItem (TABLENAME, CODE, DESCRIPTION, ANNOTATION, COMMENTS, ISENABLED, SORTORDER, LOCALEIDENTIFIER, LASTWRITTEN, VERSIONNO, PARENTCODE) VALUES ('TrainingProviderType', 'TYP19', 'Institutional Care Home', '', '', '1', 0, 'en', CURRENT_TIMESTAMP(''), 1, 'CAT7');

