--
-- Generated by IBM Curam Generator.
--
-- Generator Copyright IBM Corporation 1999, 2012. All Rights Reserved.
--
-- US Government User Restricted Rights - Use, duplication restricted by GSA ADP Schedule Contract with IBM Corp.
--
--
-- HIERARCHY PerMsrTypeHierarchy
--
INSERT INTO CodetableHierarchy (HIERARCHYNAME, CODETABLE, DESCRIPTION, LASTWRITTEN, VERSIONNO) VALUES ('PerMsrTypeHierarchy', 'PerMsrType', '', CURRENT_TIMESTAMP(''), 1);
--
-- CODETABLE PerMsrType
--
INSERT INTO CodeTableHeader (TableName, TimeEntered, DefaultCode, LASTWRITTEN, VERSIONNO) VALUES ('PerMsrType', CURRENT_TIMESTAMP(''), '', CURRENT_TIMESTAMP(''), 1);
INSERT INTO CTDISPLAYNAME (TableName, LOCALEIdentifier,TEXT,LASTWRITTEN ) VALUES ( 'PerMsrType','en','Performance Measure Type', CURRENT_TIMESTAMP(''));
INSERT INTO CodeTableItem (TABLENAME, CODE, DESCRIPTION, ANNOTATION, COMMENTS, ISENABLED, SORTORDER, LOCALEIDENTIFIER, LASTWRITTEN, VERSIONNO) VALUES ('PerMsrType', 'PMTYPE3001', 'Service Efficiency', '', '', '1', 0, 'en', CURRENT_TIMESTAMP(''), 1);
INSERT INTO CodeTableItem (TABLENAME, CODE, DESCRIPTION, ANNOTATION, COMMENTS, ISENABLED, SORTORDER, LOCALEIDENTIFIER, LASTWRITTEN, VERSIONNO) VALUES ('PerMsrType', 'PMTYPE3002', 'Service Outcome', '', '', '1', 0, 'en', CURRENT_TIMESTAMP(''), 1);
INSERT INTO CodeTableItem (TABLENAME, CODE, DESCRIPTION, ANNOTATION, COMMENTS, ISENABLED, SORTORDER, LOCALEIDENTIFIER, LASTWRITTEN, VERSIONNO) VALUES ('PerMsrType', 'PMTYPE3003', 'Service Output', '', '', '1', 0, 'en', CURRENT_TIMESTAMP(''), 1);
INSERT INTO CodeTableItem (TABLENAME, CODE, DESCRIPTION, ANNOTATION, COMMENTS, ISENABLED, SORTORDER, LOCALEIDENTIFIER, LASTWRITTEN, VERSIONNO) VALUES ('PerMsrType', 'PMTYPE3004', 'Service Quality', '', '', '1', 0, 'en', CURRENT_TIMESTAMP(''), 1);
INSERT INTO CodeTableItem (TABLENAME, CODE, DESCRIPTION, ANNOTATION, COMMENTS, ISENABLED, SORTORDER, LOCALEIDENTIFIER, LASTWRITTEN, VERSIONNO) VALUES ('PerMsrType', 'PMTYPE3005', 'All Types', '', '', '0', 0, 'en', CURRENT_TIMESTAMP(''), 1);
--
-- CODETABLE PerMsrName
--
INSERT INTO CodeTableHeader (TableName, TimeEntered, DefaultCode, LASTWRITTEN, VERSIONNO, PARENTCODETABLE) VALUES ('PerMsrName', CURRENT_TIMESTAMP(''), '', CURRENT_TIMESTAMP(''), 1, 'PerMsrType');
INSERT INTO CTDISPLAYNAME (TableName, LOCALEIdentifier,TEXT,LASTWRITTEN ) VALUES ( 'PerMsrName','en','Performance Measure Name', CURRENT_TIMESTAMP(''));
INSERT INTO CodeTableItem (TABLENAME, CODE, DESCRIPTION, ANNOTATION, COMMENTS, ISENABLED, SORTORDER, LOCALEIDENTIFIER, LASTWRITTEN, VERSIONNO, PARENTCODE) VALUES ('PerMsrName', 'PMNAME3001', 'Average cost per unit of service', '', '', '1', 0, 'en', CURRENT_TIMESTAMP(''), 1, 'PMTYPE3001');
INSERT INTO CodeTableItem (TABLENAME, CODE, DESCRIPTION, ANNOTATION, COMMENTS, ISENABLED, SORTORDER, LOCALEIDENTIFIER, LASTWRITTEN, VERSIONNO, PARENTCODE) VALUES ('PerMsrName', 'PMNAME3002', 'Average cost per successful outcome', '', '', '1', 0, 'en', CURRENT_TIMESTAMP(''), 1, 'PMTYPE3001');
INSERT INTO CodeTableItem (TABLENAME, CODE, DESCRIPTION, ANNOTATION, COMMENTS, ISENABLED, SORTORDER, LOCALEIDENTIFIER, LASTWRITTEN, VERSIONNO, PARENTCODE) VALUES ('PerMsrName', 'PMNAME3003', 'Average number of units per client', '', '', '1', 0, 'en', CURRENT_TIMESTAMP(''), 1, 'PMTYPE3003');
INSERT INTO CodeTableItem (TABLENAME, CODE, DESCRIPTION, ANNOTATION, COMMENTS, ISENABLED, SORTORDER, LOCALEIDENTIFIER, LASTWRITTEN, VERSIONNO, PARENTCODE) VALUES ('PerMsrName', 'PMNAME3004', 'Total number of units delivered', '', '', '1', 0, 'en', CURRENT_TIMESTAMP(''), 1, 'PMTYPE3003');
INSERT INTO CodeTableItem (TABLENAME, CODE, DESCRIPTION, ANNOTATION, COMMENTS, ISENABLED, SORTORDER, LOCALEIDENTIFIER, LASTWRITTEN, VERSIONNO, PARENTCODE) VALUES ('PerMsrName', 'PMNAME3005', 'Number of incidents', '', '', '1', 0, 'en', CURRENT_TIMESTAMP(''), 1, 'PMTYPE3004');
INSERT INTO CodeTableItem (TABLENAME, CODE, DESCRIPTION, ANNOTATION, COMMENTS, ISENABLED, SORTORDER, LOCALEIDENTIFIER, LASTWRITTEN, VERSIONNO, PARENTCODE) VALUES ('PerMsrName', 'PMNAME3006', 'Number of investigations', '', '', '1', 0, 'en', CURRENT_TIMESTAMP(''), 1, 'PMTYPE3004');
INSERT INTO CodeTableItem (TABLENAME, CODE, DESCRIPTION, ANNOTATION, COMMENTS, ISENABLED, SORTORDER, LOCALEIDENTIFIER, LASTWRITTEN, VERSIONNO, PARENTCODE) VALUES ('PerMsrName', 'PMNAME3007', 'Number of clients served', '', '', '1', 0, 'en', CURRENT_TIMESTAMP(''), 1, 'PMTYPE3003');
INSERT INTO CodeTableItem (TABLENAME, CODE, DESCRIPTION, ANNOTATION, COMMENTS, ISENABLED, SORTORDER, LOCALEIDENTIFIER, LASTWRITTEN, VERSIONNO, PARENTCODE) VALUES ('PerMsrName', 'PMNAME3008', 'Number of incidents requiring investigation', '', '', '1', 0, 'en', CURRENT_TIMESTAMP(''), 1, 'PMTYPE3004');
INSERT INTO CodeTableItem (TABLENAME, CODE, DESCRIPTION, ANNOTATION, COMMENTS, ISENABLED, SORTORDER, LOCALEIDENTIFIER, LASTWRITTEN, VERSIONNO, PARENTCODE) VALUES ('PerMsrName', 'PMNAME3009', 'Total cost of services delivered', '', '', '1', 0, 'en', CURRENT_TIMESTAMP(''), 1, 'PMTYPE3003');
INSERT INTO CodeTableItem (TABLENAME, CODE, DESCRIPTION, ANNOTATION, COMMENTS, ISENABLED, SORTORDER, LOCALEIDENTIFIER, LASTWRITTEN, VERSIONNO, PARENTCODE) VALUES ('PerMsrName', 'PMNAME3010', 'Flat rate contract payments', '', '', '1', 0, 'en', CURRENT_TIMESTAMP(''), 1, 'PMTYPE3003');
INSERT INTO CodeTableItem (TABLENAME, CODE, DESCRIPTION, ANNOTATION, COMMENTS, ISENABLED, SORTORDER, LOCALEIDENTIFIER, LASTWRITTEN, VERSIONNO, PARENTCODE) VALUES ('PerMsrName', 'PMNAME3011', 'Utilization contract payments', '', '', '1', 0, 'en', CURRENT_TIMESTAMP(''), 1, 'PMTYPE3003');
INSERT INTO CodeTableItem (TABLENAME, CODE, DESCRIPTION, ANNOTATION, COMMENTS, ISENABLED, SORTORDER, LOCALEIDENTIFIER, LASTWRITTEN, VERSIONNO, PARENTCODE) VALUES ('PerMsrName', 'PMNAME3011', 'Utilisation contract payments', '', '', '1', 0, 'en_GB', CURRENT_TIMESTAMP(''), 1, 'PMTYPE3003');
INSERT INTO CodeTableItem (TABLENAME, CODE, DESCRIPTION, ANNOTATION, COMMENTS, ISENABLED, SORTORDER, LOCALEIDENTIFIER, LASTWRITTEN, VERSIONNO, PARENTCODE) VALUES ('PerMsrName', 'PMNAME3012', 'Rate of achievement of successful outcomes', '', '', '1', 0, 'en', CURRENT_TIMESTAMP(''), 1, 'PMTYPE3002');

