--
-- Generated by IBM Curam Generator.
--
-- Generator Copyright IBM Corporation 1999, 2012. All Rights Reserved.
--
-- US Government User Restricted Rights - Use, duplication restricted by GSA ADP Schedule Contract with IBM Corp.
--
--
-- HIERARCHY SpecialtyTypeHierarchy
--
INSERT INTO CodetableHierarchy (HIERARCHYNAME, CODETABLE, DESCRIPTION, LASTWRITTEN, VERSIONNO) VALUES ('SpecialtyTypeHierarchy', 'SpecialtyType', '', CURRENT_TIMESTAMP(''), 1);
--
-- CODETABLE SpecialtyType
--
INSERT INTO CodeTableHeader (TableName, TimeEntered, DefaultCode, LASTWRITTEN, VERSIONNO) VALUES ('SpecialtyType', CURRENT_TIMESTAMP(''), '', CURRENT_TIMESTAMP(''), 1);
INSERT INTO CTDISPLAYNAME (TableName, LOCALEIdentifier,TEXT,LASTWRITTEN ) VALUES ( 'SpecialtyType','en','Specialty Type', CURRENT_TIMESTAMP(''));
INSERT INTO CodeTableItem (TABLENAME, CODE, DESCRIPTION, ANNOTATION, COMMENTS, ISENABLED, SORTORDER, LOCALEIDENTIFIER, LASTWRITTEN, VERSIONNO) VALUES ('SpecialtyType', 'ST3001', 'Accessibility', '', '', '1', 0, 'en', CURRENT_TIMESTAMP(''), 1);
INSERT INTO CodeTableItem (TABLENAME, CODE, DESCRIPTION, ANNOTATION, COMMENTS, ISENABLED, SORTORDER, LOCALEIDENTIFIER, LASTWRITTEN, VERSIONNO) VALUES ('SpecialtyType', 'ST3002', 'Education', '', '', '1', 1, 'en', CURRENT_TIMESTAMP(''), 1);
INSERT INTO CodeTableItem (TABLENAME, CODE, DESCRIPTION, ANNOTATION, COMMENTS, ISENABLED, SORTORDER, LOCALEIDENTIFIER, LASTWRITTEN, VERSIONNO) VALUES ('SpecialtyType', 'ST3003', 'Language', '', '', '1', 2, 'en', CURRENT_TIMESTAMP(''), 1);
INSERT INTO CodeTableItem (TABLENAME, CODE, DESCRIPTION, ANNOTATION, COMMENTS, ISENABLED, SORTORDER, LOCALEIDENTIFIER, LASTWRITTEN, VERSIONNO) VALUES ('SpecialtyType', 'ST3004', 'Special Operations', '', '', '1', 3, 'en', CURRENT_TIMESTAMP(''), 1);
--
-- CODETABLE Specialty
--
INSERT INTO CodeTableHeader (TableName, TimeEntered, DefaultCode, LASTWRITTEN, VERSIONNO, PARENTCODETABLE) VALUES ('Specialty', CURRENT_TIMESTAMP(''), '', CURRENT_TIMESTAMP(''), 1, 'SpecialtyType');
INSERT INTO CTDISPLAYNAME (TableName, LOCALEIdentifier,TEXT,LASTWRITTEN ) VALUES ( 'Specialty','en','Specialty', CURRENT_TIMESTAMP(''));
INSERT INTO CodeTableItem (TABLENAME, CODE, DESCRIPTION, ANNOTATION, COMMENTS, ISENABLED, SORTORDER, LOCALEIDENTIFIER, LASTWRITTEN, VERSIONNO, PARENTCODE) VALUES ('Specialty', 'PS3010', 'Wheelchair Access', '', '', '1', 0, 'en', CURRENT_TIMESTAMP(''), 1, 'ST3001');
INSERT INTO CodeTableItem (TABLENAME, CODE, DESCRIPTION, ANNOTATION, COMMENTS, ISENABLED, SORTORDER, LOCALEIDENTIFIER, LASTWRITTEN, VERSIONNO, PARENTCODE) VALUES ('Specialty', 'PS3011', 'Walker Access', '', '', '1', 0, 'en', CURRENT_TIMESTAMP(''), 1, 'ST3001');
INSERT INTO CodeTableItem (TABLENAME, CODE, DESCRIPTION, ANNOTATION, COMMENTS, ISENABLED, SORTORDER, LOCALEIDENTIFIER, LASTWRITTEN, VERSIONNO, PARENTCODE) VALUES ('Specialty', 'PS3012', 'Sight Impairment', '', '', '1', 0, 'en', CURRENT_TIMESTAMP(''), 1, 'ST3001');
INSERT INTO CodeTableItem (TABLENAME, CODE, DESCRIPTION, ANNOTATION, COMMENTS, ISENABLED, SORTORDER, LOCALEIDENTIFIER, LASTWRITTEN, VERSIONNO, PARENTCODE) VALUES ('Specialty', 'PS8', 'Hearing Impairment', '', '', '1', 0, 'en', CURRENT_TIMESTAMP(''), 1, 'ST3001');
INSERT INTO CodeTableItem (TABLENAME, CODE, DESCRIPTION, ANNOTATION, COMMENTS, ISENABLED, SORTORDER, LOCALEIDENTIFIER, LASTWRITTEN, VERSIONNO, PARENTCODE) VALUES ('Specialty', 'PS3013', 'Early Intervention', '', '', '1', 0, 'en', CURRENT_TIMESTAMP(''), 1, 'ST3002');
INSERT INTO CodeTableItem (TABLENAME, CODE, DESCRIPTION, ANNOTATION, COMMENTS, ISENABLED, SORTORDER, LOCALEIDENTIFIER, LASTWRITTEN, VERSIONNO, PARENTCODE) VALUES ('Specialty', 'PS3014', 'Pre K Intervention', '', '', '1', 0, 'en', CURRENT_TIMESTAMP(''), 1, 'ST3002');
INSERT INTO CodeTableItem (TABLENAME, CODE, DESCRIPTION, ANNOTATION, COMMENTS, ISENABLED, SORTORDER, LOCALEIDENTIFIER, LASTWRITTEN, VERSIONNO, PARENTCODE) VALUES ('Specialty', 'PS3015', 'Kindergarten Intervention', '', '', '1', 0, 'en', CURRENT_TIMESTAMP(''), 1, 'ST3002');
INSERT INTO CodeTableItem (TABLENAME, CODE, DESCRIPTION, ANNOTATION, COMMENTS, ISENABLED, SORTORDER, LOCALEIDENTIFIER, LASTWRITTEN, VERSIONNO, PARENTCODE) VALUES ('Specialty', 'PS3016', 'English', '', '', '1', 0, 'en', CURRENT_TIMESTAMP(''), 1, 'ST3003');
INSERT INTO CodeTableItem (TABLENAME, CODE, DESCRIPTION, ANNOTATION, COMMENTS, ISENABLED, SORTORDER, LOCALEIDENTIFIER, LASTWRITTEN, VERSIONNO, PARENTCODE) VALUES ('Specialty', 'PS3017', 'French', '', '', '1', 0, 'en', CURRENT_TIMESTAMP(''), 1, 'ST3003');
INSERT INTO CodeTableItem (TABLENAME, CODE, DESCRIPTION, ANNOTATION, COMMENTS, ISENABLED, SORTORDER, LOCALEIDENTIFIER, LASTWRITTEN, VERSIONNO, PARENTCODE) VALUES ('Specialty', 'PS3018', 'Spanish', '', '', '1', 0, 'en', CURRENT_TIMESTAMP(''), 1, 'ST3003');
INSERT INTO CodeTableItem (TABLENAME, CODE, DESCRIPTION, ANNOTATION, COMMENTS, ISENABLED, SORTORDER, LOCALEIDENTIFIER, LASTWRITTEN, VERSIONNO, PARENTCODE) VALUES ('Specialty', 'PS3019', 'Italian', '', '', '1', 0, 'en', CURRENT_TIMESTAMP(''), 1, 'ST3003');
INSERT INTO CodeTableItem (TABLENAME, CODE, DESCRIPTION, ANNOTATION, COMMENTS, ISENABLED, SORTORDER, LOCALEIDENTIFIER, LASTWRITTEN, VERSIONNO, PARENTCODE) VALUES ('Specialty', 'PS3020', 'Before Care', '', '', '1', 0, 'en', CURRENT_TIMESTAMP(''), 1, 'ST3004');
INSERT INTO CodeTableItem (TABLENAME, CODE, DESCRIPTION, ANNOTATION, COMMENTS, ISENABLED, SORTORDER, LOCALEIDENTIFIER, LASTWRITTEN, VERSIONNO, PARENTCODE) VALUES ('Specialty', 'PS3021', 'After Care', '', '', '1', 0, 'en', CURRENT_TIMESTAMP(''), 1, 'ST3004');
INSERT INTO CodeTableItem (TABLENAME, CODE, DESCRIPTION, ANNOTATION, COMMENTS, ISENABLED, SORTORDER, LOCALEIDENTIFIER, LASTWRITTEN, VERSIONNO, PARENTCODE) VALUES ('Specialty', 'PS3022', 'Weekend Care', '', '', '1', 0, 'en', CURRENT_TIMESTAMP(''), 1, 'ST3004');

