--
-- Generated by IBM Curam Generator.
--
-- Generator Copyright IBM Corporation 1999, 2012. All Rights Reserved.
--
-- US Government User Restricted Rights - Use, duplication restricted by GSA ADP Schedule Contract with IBM Corp.
--
--
-- HIERARCHY ResponseScoreHierarchy
--
INSERT INTO CodetableHierarchy (HIERARCHYNAME, CODETABLE, DESCRIPTION, LASTWRITTEN, VERSIONNO) VALUES ('ResponseScoreHierarchy', 'SECResponseDataType', '', CURRENT_TIMESTAMP(''), 1);
--
-- CODETABLE SECResponseDataType
--
INSERT INTO CodeTableHeader (TableName, TimeEntered, DefaultCode, LASTWRITTEN, VERSIONNO) VALUES ('SECResponseDataType', CURRENT_TIMESTAMP(''), '', CURRENT_TIMESTAMP(''), 1);
INSERT INTO CTDISPLAYNAME (TableName, LOCALEIdentifier,TEXT,LASTWRITTEN ) VALUES ( 'SECResponseDataType','en','Service Evaluation Criterion Response Data Type', CURRENT_TIMESTAMP(''));
INSERT INTO CodeTableItem (TABLENAME, CODE, DESCRIPTION, ANNOTATION, COMMENTS, ISENABLED, SORTORDER, LOCALEIDENTIFIER, LASTWRITTEN, VERSIONNO) VALUES ('SECResponseDataType', 'RDT3001', 'Boolean', '', '', '1', 0, 'en', CURRENT_TIMESTAMP(''), 1);
INSERT INTO CodeTableItem (TABLENAME, CODE, DESCRIPTION, ANNOTATION, COMMENTS, ISENABLED, SORTORDER, LOCALEIDENTIFIER, LASTWRITTEN, VERSIONNO) VALUES ('SECResponseDataType', 'RDT3002', 'Rating 1-5', '', '', '1', 0, 'en', CURRENT_TIMESTAMP(''), 1);
--
-- CODETABLE SECResponseValue
--
INSERT INTO CodeTableHeader (TableName, TimeEntered, DefaultCode, LASTWRITTEN, VERSIONNO, PARENTCODETABLE) VALUES ('SECResponseValue', CURRENT_TIMESTAMP(''), '', CURRENT_TIMESTAMP(''), 1, 'SECResponseDataType');
INSERT INTO CTDISPLAYNAME (TableName, LOCALEIdentifier,TEXT,LASTWRITTEN ) VALUES ( 'SECResponseValue','en','Service Evaluation Criterion Response Value', CURRENT_TIMESTAMP(''));
INSERT INTO CodeTableItem (TABLENAME, CODE, DESCRIPTION, ANNOTATION, COMMENTS, ISENABLED, SORTORDER, LOCALEIDENTIFIER, LASTWRITTEN, VERSIONNO, PARENTCODE) VALUES ('SECResponseValue', 'RDTV3003', 'Yes', '', '', '1', 0, 'en', CURRENT_TIMESTAMP(''), 1, 'RDT3001');
INSERT INTO CodeTableItem (TABLENAME, CODE, DESCRIPTION, ANNOTATION, COMMENTS, ISENABLED, SORTORDER, LOCALEIDENTIFIER, LASTWRITTEN, VERSIONNO, PARENTCODE) VALUES ('SECResponseValue', 'RDTV3004', 'No', '', '', '1', 0, 'en', CURRENT_TIMESTAMP(''), 1, 'RDT3001');
INSERT INTO CodeTableItem (TABLENAME, CODE, DESCRIPTION, ANNOTATION, COMMENTS, ISENABLED, SORTORDER, LOCALEIDENTIFIER, LASTWRITTEN, VERSIONNO, PARENTCODE) VALUES ('SECResponseValue', 'RDTV3005', '1', '', '', '1', 0, 'en', CURRENT_TIMESTAMP(''), 1, 'RDT3002');
INSERT INTO CodeTableItem (TABLENAME, CODE, DESCRIPTION, ANNOTATION, COMMENTS, ISENABLED, SORTORDER, LOCALEIDENTIFIER, LASTWRITTEN, VERSIONNO, PARENTCODE) VALUES ('SECResponseValue', 'RDTV3006', '2', '', '', '1', 0, 'en', CURRENT_TIMESTAMP(''), 1, 'RDT3002');
INSERT INTO CodeTableItem (TABLENAME, CODE, DESCRIPTION, ANNOTATION, COMMENTS, ISENABLED, SORTORDER, LOCALEIDENTIFIER, LASTWRITTEN, VERSIONNO, PARENTCODE) VALUES ('SECResponseValue', 'RDTV3007', '3', '', '', '1', 0, 'en', CURRENT_TIMESTAMP(''), 1, 'RDT3002');
INSERT INTO CodeTableItem (TABLENAME, CODE, DESCRIPTION, ANNOTATION, COMMENTS, ISENABLED, SORTORDER, LOCALEIDENTIFIER, LASTWRITTEN, VERSIONNO, PARENTCODE) VALUES ('SECResponseValue', 'RDTV3008', '4', '', '', '1', 0, 'en', CURRENT_TIMESTAMP(''), 1, 'RDT3002');
INSERT INTO CodeTableItem (TABLENAME, CODE, DESCRIPTION, ANNOTATION, COMMENTS, ISENABLED, SORTORDER, LOCALEIDENTIFIER, LASTWRITTEN, VERSIONNO, PARENTCODE) VALUES ('SECResponseValue', 'RDTV3009', '5', '', '', '1', 0, 'en', CURRENT_TIMESTAMP(''), 1, 'RDT3002');

