--
-- Generated by IBM Curam Generator.
--
-- Generator Copyright IBM Corporation 1999, 2012. All Rights Reserved.
--
-- US Government User Restricted Rights - Use, duplication restricted by GSA ADP Schedule Contract with IBM Corp.
--
--
-- HIERARCHY TemplateCategory
--
INSERT INTO CodetableHierarchy (HIERARCHYNAME, CODETABLE, DESCRIPTION, LASTWRITTEN, VERSIONNO) VALUES ('TemplateCategory', 'TemplateCategory', '', CURRENT_TIMESTAMP(''), 1);
--
-- CODETABLE TemplateCategory
--
INSERT INTO CodeTableHeader (TableName, TimeEntered, DefaultCode, LASTWRITTEN, VERSIONNO) VALUES ('TemplateCategory', CURRENT_TIMESTAMP(''), '', CURRENT_TIMESTAMP(''), 1);
INSERT INTO CTDISPLAYNAME (TableName, LOCALEIdentifier,TEXT,LASTWRITTEN ) VALUES ( 'TemplateCategory','en','Category', CURRENT_TIMESTAMP(''));
INSERT INTO CodeTableItem (TABLENAME, CODE, DESCRIPTION, ANNOTATION, COMMENTS, ISENABLED, SORTORDER, LOCALEIDENTIFIER, LASTWRITTEN, VERSIONNO) VALUES ('TemplateCategory', 'TC3001', 'Referral', '', '', '1', 0, 'en', CURRENT_TIMESTAMP(''), 1);
INSERT INTO CodeTableItem (TABLENAME, CODE, DESCRIPTION, ANNOTATION, COMMENTS, ISENABLED, SORTORDER, LOCALEIDENTIFIER, LASTWRITTEN, VERSIONNO) VALUES ('TemplateCategory', 'TC2001', 'All Communication', '', '', '1', 0, 'en', CURRENT_TIMESTAMP(''), 1);
INSERT INTO CodeTableItem (TABLENAME, CODE, DESCRIPTION, ANNOTATION, COMMENTS, ISENABLED, SORTORDER, LOCALEIDENTIFIER, LASTWRITTEN, VERSIONNO) VALUES ('TemplateCategory', 'TC2002', 'Product Delivery', '', '', '1', 0, 'en', CURRENT_TIMESTAMP(''), 1);
INSERT INTO CodeTableItem (TABLENAME, CODE, DESCRIPTION, ANNOTATION, COMMENTS, ISENABLED, SORTORDER, LOCALEIDENTIFIER, LASTWRITTEN, VERSIONNO) VALUES ('TemplateCategory', 'TC2003', 'Integrated Case', '', '', '1', 0, 'en', CURRENT_TIMESTAMP(''), 1);
INSERT INTO CodeTableItem (TABLENAME, CODE, DESCRIPTION, ANNOTATION, COMMENTS, ISENABLED, SORTORDER, LOCALEIDENTIFIER, LASTWRITTEN, VERSIONNO) VALUES ('TemplateCategory', 'TC2004', 'Assessment', '', '', '1', 0, 'en', CURRENT_TIMESTAMP(''), 1);
INSERT INTO CodeTableItem (TABLENAME, CODE, DESCRIPTION, ANNOTATION, COMMENTS, ISENABLED, SORTORDER, LOCALEIDENTIFIER, LASTWRITTEN, VERSIONNO) VALUES ('TemplateCategory', 'TC2005', 'Investigation', '', '', '1', 0, 'en', CURRENT_TIMESTAMP(''), 1);
INSERT INTO CodeTableItem (TABLENAME, CODE, DESCRIPTION, ANNOTATION, COMMENTS, ISENABLED, SORTORDER, LOCALEIDENTIFIER, LASTWRITTEN, VERSIONNO) VALUES ('TemplateCategory', 'TC2006', 'Issue', '', '', '1', 0, 'en', CURRENT_TIMESTAMP(''), 1);
INSERT INTO CodeTableItem (TABLENAME, CODE, DESCRIPTION, ANNOTATION, COMMENTS, ISENABLED, SORTORDER, LOCALEIDENTIFIER, LASTWRITTEN, VERSIONNO) VALUES ('TemplateCategory', 'TC2007', 'Screening', '', '', '1', 0, 'en', CURRENT_TIMESTAMP(''), 1);
INSERT INTO CodeTableItem (TABLENAME, CODE, DESCRIPTION, ANNOTATION, COMMENTS, ISENABLED, SORTORDER, LOCALEIDENTIFIER, LASTWRITTEN, VERSIONNO) VALUES ('TemplateCategory', 'TC2008', 'Participant', '', '', '1', 0, 'en', CURRENT_TIMESTAMP(''), 1);
INSERT INTO CodeTableItem (TABLENAME, CODE, DESCRIPTION, ANNOTATION, COMMENTS, ISENABLED, SORTORDER, LOCALEIDENTIFIER, LASTWRITTEN, VERSIONNO) VALUES ('TemplateCategory', 'TC2009', 'Case Contract', '', '', '1', 0, 'en', CURRENT_TIMESTAMP(''), 1);
--
-- CODETABLE TemplateType
--
INSERT INTO CodeTableHeader (TableName, TimeEntered, DefaultCode, LASTWRITTEN, VERSIONNO, PARENTCODETABLE) VALUES ('TemplateType', CURRENT_TIMESTAMP(''), 'TR3', CURRENT_TIMESTAMP(''), 1, 'TemplateCategory');
INSERT INTO CTDISPLAYNAME (TableName, LOCALEIdentifier,TEXT,LASTWRITTEN ) VALUES ( 'TemplateType','en','Applies To', CURRENT_TIMESTAMP(''));
INSERT INTO CodeTableItem (TABLENAME, CODE, DESCRIPTION, ANNOTATION, COMMENTS, ISENABLED, SORTORDER, LOCALEIDENTIFIER, LASTWRITTEN, VERSIONNO, PARENTCODE) VALUES ('TemplateType', 'TR3001', 'All Referrals', '', '', '1', 0, 'en', CURRENT_TIMESTAMP(''), 1, 'TC3001');
INSERT INTO CodeTableItem (TABLENAME, CODE, DESCRIPTION, ANNOTATION, COMMENTS, ISENABLED, SORTORDER, LOCALEIDENTIFIER, LASTWRITTEN, VERSIONNO, PARENTCODE) VALUES ('TemplateType', 'TR11', 'All Communications', '', '', '1', 0, 'en', CURRENT_TIMESTAMP(''), 1, 'TC2001');
INSERT INTO CodeTableItem (TABLENAME, CODE, DESCRIPTION, ANNOTATION, COMMENTS, ISENABLED, SORTORDER, LOCALEIDENTIFIER, LASTWRITTEN, VERSIONNO, PARENTCODE) VALUES ('TemplateType', 'TR2', 'All Product Deliveries', '', '', '1', 0, 'en', CURRENT_TIMESTAMP(''), 1, 'TC2002');
INSERT INTO CodeTableItem (TABLENAME, CODE, DESCRIPTION, ANNOTATION, COMMENTS, ISENABLED, SORTORDER, LOCALEIDENTIFIER, LASTWRITTEN, VERSIONNO, PARENTCODE) VALUES ('TemplateType', 'TT2003', 'Benefit Overpayment', '', '', '1', 0, 'en', CURRENT_TIMESTAMP(''), 1, 'TC2002');
INSERT INTO CodeTableItem (TABLENAME, CODE, DESCRIPTION, ANNOTATION, COMMENTS, ISENABLED, SORTORDER, LOCALEIDENTIFIER, LASTWRITTEN, VERSIONNO, PARENTCODE) VALUES ('TemplateType', 'TT2004', 'Integrated Case Benefit Sample', '', '', '1', 0, 'en', CURRENT_TIMESTAMP(''), 1, 'TC2002');
INSERT INTO CodeTableItem (TABLENAME, CODE, DESCRIPTION, ANNOTATION, COMMENTS, ISENABLED, SORTORDER, LOCALEIDENTIFIER, LASTWRITTEN, VERSIONNO, PARENTCODE) VALUES ('TemplateType', 'TT2005', 'Integrated Case Benefit Underpayment', '', '', '1', 0, 'en', CURRENT_TIMESTAMP(''), 1, 'TC2002');
INSERT INTO CodeTableItem (TABLENAME, CODE, DESCRIPTION, ANNOTATION, COMMENTS, ISENABLED, SORTORDER, LOCALEIDENTIFIER, LASTWRITTEN, VERSIONNO, PARENTCODE) VALUES ('TemplateType', 'TT2006', 'Integrated Case Sporting Grant Sample', '', '', '1', 0, 'en', CURRENT_TIMESTAMP(''), 1, 'TC2002');
INSERT INTO CodeTableItem (TABLENAME, CODE, DESCRIPTION, ANNOTATION, COMMENTS, ISENABLED, SORTORDER, LOCALEIDENTIFIER, LASTWRITTEN, VERSIONNO, PARENTCODE) VALUES ('TemplateType', 'TT2007', 'Liability Sample', '', '', '1', 0, 'en', CURRENT_TIMESTAMP(''), 1, 'TC2002');
INSERT INTO CodeTableItem (TABLENAME, CODE, DESCRIPTION, ANNOTATION, COMMENTS, ISENABLED, SORTORDER, LOCALEIDENTIFIER, LASTWRITTEN, VERSIONNO, PARENTCODE) VALUES ('TemplateType', 'TT2008', 'All Integrated Cases', '', '', '1', 0, 'en', CURRENT_TIMESTAMP(''), 1, 'TC2003');
INSERT INTO CodeTableItem (TABLENAME, CODE, DESCRIPTION, ANNOTATION, COMMENTS, ISENABLED, SORTORDER, LOCALEIDENTIFIER, LASTWRITTEN, VERSIONNO, PARENTCODE) VALUES ('TemplateType', 'TT2009', 'Assistance', '', '', '1', 0, 'en', CURRENT_TIMESTAMP(''), 1, 'TC2003');
INSERT INTO CodeTableItem (TABLENAME, CODE, DESCRIPTION, ANNOTATION, COMMENTS, ISENABLED, SORTORDER, LOCALEIDENTIFIER, LASTWRITTEN, VERSIONNO, PARENTCODE) VALUES ('TemplateType', 'TT2010', 'Sporting Grant', '', '', '1', 0, 'en', CURRENT_TIMESTAMP(''), 1, 'TC2003');
INSERT INTO CodeTableItem (TABLENAME, CODE, DESCRIPTION, ANNOTATION, COMMENTS, ISENABLED, SORTORDER, LOCALEIDENTIFIER, LASTWRITTEN, VERSIONNO, PARENTCODE) VALUES ('TemplateType', 'TT2011', 'All Assessments', '', '', '0', 0, 'en', CURRENT_TIMESTAMP(''), 1, 'TC2004');
INSERT INTO CodeTableItem (TABLENAME, CODE, DESCRIPTION, ANNOTATION, COMMENTS, ISENABLED, SORTORDER, LOCALEIDENTIFIER, LASTWRITTEN, VERSIONNO, PARENTCODE) VALUES ('TemplateType', 'TT2012', 'General', '', '', '0', 0, 'en', CURRENT_TIMESTAMP(''), 1, 'TC2004');
INSERT INTO CodeTableItem (TABLENAME, CODE, DESCRIPTION, ANNOTATION, COMMENTS, ISENABLED, SORTORDER, LOCALEIDENTIFIER, LASTWRITTEN, VERSIONNO, PARENTCODE) VALUES ('TemplateType', 'TT2013', 'Financial', '', '', '0', 0, 'en', CURRENT_TIMESTAMP(''), 1, 'TC2004');
INSERT INTO CodeTableItem (TABLENAME, CODE, DESCRIPTION, ANNOTATION, COMMENTS, ISENABLED, SORTORDER, LOCALEIDENTIFIER, LASTWRITTEN, VERSIONNO, PARENTCODE) VALUES ('TemplateType', 'TT2014', 'Means', '', '', '0', 0, 'en', CURRENT_TIMESTAMP(''), 1, 'TC2004');
INSERT INTO CodeTableItem (TABLENAME, CODE, DESCRIPTION, ANNOTATION, COMMENTS, ISENABLED, SORTORDER, LOCALEIDENTIFIER, LASTWRITTEN, VERSIONNO, PARENTCODE) VALUES ('TemplateType', 'TT2015', 'All Investigations', '', '', '1', 0, 'en', CURRENT_TIMESTAMP(''), 1, 'TC2005');
INSERT INTO CodeTableItem (TABLENAME, CODE, DESCRIPTION, ANNOTATION, COMMENTS, ISENABLED, SORTORDER, LOCALEIDENTIFIER, LASTWRITTEN, VERSIONNO, PARENTCODE) VALUES ('TemplateType', 'TT2016', 'Benefit Fraud', '', '', '1', 0, 'en', CURRENT_TIMESTAMP(''), 1, 'TC2005');
INSERT INTO CodeTableItem (TABLENAME, CODE, DESCRIPTION, ANNOTATION, COMMENTS, ISENABLED, SORTORDER, LOCALEIDENTIFIER, LASTWRITTEN, VERSIONNO, PARENTCODE) VALUES ('TemplateType', 'TT2017', 'Child Services', '', '', '1', 0, 'en', CURRENT_TIMESTAMP(''), 1, 'TC2005');
INSERT INTO CodeTableItem (TABLENAME, CODE, DESCRIPTION, ANNOTATION, COMMENTS, ISENABLED, SORTORDER, LOCALEIDENTIFIER, LASTWRITTEN, VERSIONNO, PARENTCODE) VALUES ('TemplateType', 'TT2018', 'All Issues', '', '', '1', 0, 'en', CURRENT_TIMESTAMP(''), 1, 'TC2006');
INSERT INTO CodeTableItem (TABLENAME, CODE, DESCRIPTION, ANNOTATION, COMMENTS, ISENABLED, SORTORDER, LOCALEIDENTIFIER, LASTWRITTEN, VERSIONNO, PARENTCODE) VALUES ('TemplateType', 'TT2019', 'Earned Income', '', '', '1', 0, 'en', CURRENT_TIMESTAMP(''), 1, 'TC2006');
INSERT INTO CodeTableItem (TABLENAME, CODE, DESCRIPTION, ANNOTATION, COMMENTS, ISENABLED, SORTORDER, LOCALEIDENTIFIER, LASTWRITTEN, VERSIONNO, PARENTCODE) VALUES ('TemplateType', 'TT2020', 'Holiday Pay', '', '', '1', 0, 'en', CURRENT_TIMESTAMP(''), 1, 'TC2006');
INSERT INTO CodeTableItem (TABLENAME, CODE, DESCRIPTION, ANNOTATION, COMMENTS, ISENABLED, SORTORDER, LOCALEIDENTIFIER, LASTWRITTEN, VERSIONNO, PARENTCODE) VALUES ('TemplateType', 'TT2021', 'Pension', '', '', '1', 0, 'en', CURRENT_TIMESTAMP(''), 1, 'TC2006');
INSERT INTO CodeTableItem (TABLENAME, CODE, DESCRIPTION, ANNOTATION, COMMENTS, ISENABLED, SORTORDER, LOCALEIDENTIFIER, LASTWRITTEN, VERSIONNO, PARENTCODE) VALUES ('TemplateType', 'TT2022', 'Separation Income', '', '', '1', 0, 'en', CURRENT_TIMESTAMP(''), 1, 'TC2006');
INSERT INTO CodeTableItem (TABLENAME, CODE, DESCRIPTION, ANNOTATION, COMMENTS, ISENABLED, SORTORDER, LOCALEIDENTIFIER, LASTWRITTEN, VERSIONNO, PARENTCODE) VALUES ('TemplateType', 'TT2023', 'All Screening Cases', '', '', '1', 0, 'en', CURRENT_TIMESTAMP(''), 1, 'TC2007');
INSERT INTO CodeTableItem (TABLENAME, CODE, DESCRIPTION, ANNOTATION, COMMENTS, ISENABLED, SORTORDER, LOCALEIDENTIFIER, LASTWRITTEN, VERSIONNO, PARENTCODE) VALUES ('TemplateType', 'TR1', 'All Participant Types', '', '', '1', 0, 'en', CURRENT_TIMESTAMP(''), 1, 'TC2008');
INSERT INTO CodeTableItem (TABLENAME, CODE, DESCRIPTION, ANNOTATION, COMMENTS, ISENABLED, SORTORDER, LOCALEIDENTIFIER, LASTWRITTEN, VERSIONNO, PARENTCODE) VALUES ('TemplateType', 'TR4', 'Employer', '', '', '1', 0, 'en', CURRENT_TIMESTAMP(''), 1, 'TC2008');
INSERT INTO CodeTableItem (TABLENAME, CODE, DESCRIPTION, ANNOTATION, COMMENTS, ISENABLED, SORTORDER, LOCALEIDENTIFIER, LASTWRITTEN, VERSIONNO, PARENTCODE) VALUES ('TemplateType', 'TR2015', 'External Party', '', '', '1', 0, 'en', CURRENT_TIMESTAMP(''), 1, 'TC2008');
INSERT INTO CodeTableItem (TABLENAME, CODE, DESCRIPTION, ANNOTATION, COMMENTS, ISENABLED, SORTORDER, LOCALEIDENTIFIER, LASTWRITTEN, VERSIONNO, PARENTCODE) VALUES ('TemplateType', 'TR7', 'Information Provider', '', '', '1', 0, 'en', CURRENT_TIMESTAMP(''), 1, 'TC2008');
INSERT INTO CodeTableItem (TABLENAME, CODE, DESCRIPTION, ANNOTATION, COMMENTS, ISENABLED, SORTORDER, LOCALEIDENTIFIER, LASTWRITTEN, VERSIONNO, PARENTCODE) VALUES ('TemplateType', 'TR3', 'Person', '', '', '1', 0, 'en', CURRENT_TIMESTAMP(''), 1, 'TC2008');
INSERT INTO CodeTableItem (TABLENAME, CODE, DESCRIPTION, ANNOTATION, COMMENTS, ISENABLED, SORTORDER, LOCALEIDENTIFIER, LASTWRITTEN, VERSIONNO, PARENTCODE) VALUES ('TemplateType', 'TR5', 'Service Supplier', '', '', '1', 0, 'en', CURRENT_TIMESTAMP(''), 1, 'TC2008');
INSERT INTO CodeTableItem (TABLENAME, CODE, DESCRIPTION, ANNOTATION, COMMENTS, ISENABLED, SORTORDER, LOCALEIDENTIFIER, LASTWRITTEN, VERSIONNO, PARENTCODE) VALUES ('TemplateType', 'TR8', 'Utility', '', '', '1', 0, 'en', CURRENT_TIMESTAMP(''), 1, 'TC2008');
INSERT INTO CodeTableItem (TABLENAME, CODE, DESCRIPTION, ANNOTATION, COMMENTS, ISENABLED, SORTORDER, LOCALEIDENTIFIER, LASTWRITTEN, VERSIONNO, PARENTCODE) VALUES ('TemplateType', 'TR6', 'Product Provider', '', '', '1', 0, 'en', CURRENT_TIMESTAMP(''), 1, 'TC2008');
INSERT INTO CodeTableItem (TABLENAME, CODE, DESCRIPTION, ANNOTATION, COMMENTS, ISENABLED, SORTORDER, LOCALEIDENTIFIER, LASTWRITTEN, VERSIONNO, PARENTCODE) VALUES ('TemplateType', 'TR9', 'Prospect Person', '', '', '1', 0, 'en', CURRENT_TIMESTAMP(''), 1, 'TC2008');
INSERT INTO CodeTableItem (TABLENAME, CODE, DESCRIPTION, ANNOTATION, COMMENTS, ISENABLED, SORTORDER, LOCALEIDENTIFIER, LASTWRITTEN, VERSIONNO, PARENTCODE) VALUES ('TemplateType', 'TR10', 'Prospect Employer', '', '', '1', 0, 'en', CURRENT_TIMESTAMP(''), 1, 'TC2008');
INSERT INTO CodeTableItem (TABLENAME, CODE, DESCRIPTION, ANNOTATION, COMMENTS, ISENABLED, SORTORDER, LOCALEIDENTIFIER, LASTWRITTEN, VERSIONNO, PARENTCODE) VALUES ('TemplateType', 'TT2034', 'Educational Institute', '', '', '1', 0, 'en', CURRENT_TIMESTAMP(''), 1, 'TC2008');
INSERT INTO CodeTableItem (TABLENAME, CODE, DESCRIPTION, ANNOTATION, COMMENTS, ISENABLED, SORTORDER, LOCALEIDENTIFIER, LASTWRITTEN, VERSIONNO, PARENTCODE) VALUES ('TemplateType', 'TR13', 'Case Contract', '', '', '1', 0, 'en', CURRENT_TIMESTAMP(''), 1, 'TC2009');

