--
-- Generated by IBM Curam Generator.
--
-- Generator Copyright IBM Corporation 1999, 2012. All Rights Reserved.
--
-- US Government User Restricted Rights - Use, duplication restricted by GSA ADP Schedule Contract with IBM Corp.
--
--
-- HIERARCHY XSLTemplateCategory
--
INSERT INTO CodetableHierarchy (HIERARCHYNAME, CODETABLE, DESCRIPTION, LASTWRITTEN, VERSIONNO) VALUES ('XSLTemplateCategory', 'XSLTemplateCategory', '', CURRENT_TIMESTAMP(''), 1);
--
-- CODETABLE XSLTemplateCategory
--
INSERT INTO CodeTableHeader (TableName, TimeEntered, DefaultCode, LASTWRITTEN, VERSIONNO) VALUES ('XSLTemplateCategory', CURRENT_TIMESTAMP(''), '', CURRENT_TIMESTAMP(''), 1);
INSERT INTO CTDISPLAYNAME (TableName, LOCALEIdentifier,TEXT,LASTWRITTEN ) VALUES ( 'XSLTemplateCategory','en','Category', CURRENT_TIMESTAMP(''));
INSERT INTO CodeTableItem (TABLENAME, CODE, DESCRIPTION, ANNOTATION, COMMENTS, ISENABLED, SORTORDER, LOCALEIDENTIFIER, LASTWRITTEN, VERSIONNO) VALUES ('XSLTemplateCategory', 'TC31001', 'Agreement', '', '', '1', 0, 'en', CURRENT_TIMESTAMP(''), 1);
INSERT INTO CodeTableItem (TABLENAME, CODE, DESCRIPTION, ANNOTATION, COMMENTS, ISENABLED, SORTORDER, LOCALEIDENTIFIER, LASTWRITTEN, VERSIONNO) VALUES ('XSLTemplateCategory', 'TC9000', 'Intake Application', '', '', '1', 0, 'en', CURRENT_TIMESTAMP(''), 1);
INSERT INTO CodeTableItem (TABLENAME, CODE, DESCRIPTION, ANNOTATION, COMMENTS, ISENABLED, SORTORDER, LOCALEIDENTIFIER, LASTWRITTEN, VERSIONNO) VALUES ('XSLTemplateCategory', 'TC3001', 'Service Offering', '', '', '1', 0, 'en', CURRENT_TIMESTAMP(''), 1);
INSERT INTO CodeTableItem (TABLENAME, CODE, DESCRIPTION, ANNOTATION, COMMENTS, ISENABLED, SORTORDER, LOCALEIDENTIFIER, LASTWRITTEN, VERSIONNO) VALUES ('XSLTemplateCategory', 'TC3002', 'Provider Communications', '', '', '1', 0, 'en', CURRENT_TIMESTAMP(''), 1);
INSERT INTO CodeTableItem (TABLENAME, CODE, DESCRIPTION, ANNOTATION, COMMENTS, ISENABLED, SORTORDER, LOCALEIDENTIFIER, LASTWRITTEN, VERSIONNO) VALUES ('XSLTemplateCategory', 'TC3003', 'Provider Contracts', '', '', '1', 0, 'en', CURRENT_TIMESTAMP(''), 1);
INSERT INTO CodeTableItem (TABLENAME, CODE, DESCRIPTION, ANNOTATION, COMMENTS, ISENABLED, SORTORDER, LOCALEIDENTIFIER, LASTWRITTEN, VERSIONNO) VALUES ('XSLTemplateCategory', 'TC3004', 'Provider Group Communications', '', '', '1', 0, 'en', CURRENT_TIMESTAMP(''), 1);
INSERT INTO CodeTableItem (TABLENAME, CODE, DESCRIPTION, ANNOTATION, COMMENTS, ISENABLED, SORTORDER, LOCALEIDENTIFIER, LASTWRITTEN, VERSIONNO) VALUES ('XSLTemplateCategory', 'TC3005', 'Provider Group Contracts', '', '', '1', 0, 'en', CURRENT_TIMESTAMP(''), 1);
INSERT INTO CodeTableItem (TABLENAME, CODE, DESCRIPTION, ANNOTATION, COMMENTS, ISENABLED, SORTORDER, LOCALEIDENTIFIER, LASTWRITTEN, VERSIONNO) VALUES ('XSLTemplateCategory', 'TC3006', 'Referral', '', '', '1', 0, 'en', CURRENT_TIMESTAMP(''), 1);
INSERT INTO CodeTableItem (TABLENAME, CODE, DESCRIPTION, ANNOTATION, COMMENTS, ISENABLED, SORTORDER, LOCALEIDENTIFIER, LASTWRITTEN, VERSIONNO) VALUES ('XSLTemplateCategory', 'TC2008', 'Participant', '', '', '1', 0, 'en', CURRENT_TIMESTAMP(''), 1);
INSERT INTO CodeTableItem (TABLENAME, CODE, DESCRIPTION, ANNOTATION, COMMENTS, ISENABLED, SORTORDER, LOCALEIDENTIFIER, LASTWRITTEN, VERSIONNO) VALUES ('XSLTemplateCategory', 'TC3501', 'Provider', '', '', '1', 0, 'en', CURRENT_TIMESTAMP(''), 1);
INSERT INTO CodeTableItem (TABLENAME, CODE, DESCRIPTION, ANNOTATION, COMMENTS, ISENABLED, SORTORDER, LOCALEIDENTIFIER, LASTWRITTEN, VERSIONNO) VALUES ('XSLTemplateCategory', 'TC2001', 'All Communication', '', '', '1', 0, 'en', CURRENT_TIMESTAMP(''), 1);
INSERT INTO CodeTableItem (TABLENAME, CODE, DESCRIPTION, ANNOTATION, COMMENTS, ISENABLED, SORTORDER, LOCALEIDENTIFIER, LASTWRITTEN, VERSIONNO) VALUES ('XSLTemplateCategory', 'TC2002', 'Product Delivery', '', '', '1', 0, 'en', CURRENT_TIMESTAMP(''), 1);
INSERT INTO CodeTableItem (TABLENAME, CODE, DESCRIPTION, ANNOTATION, COMMENTS, ISENABLED, SORTORDER, LOCALEIDENTIFIER, LASTWRITTEN, VERSIONNO) VALUES ('XSLTemplateCategory', 'TC2003', 'Integrated Case', '', '', '1', 0, 'en', CURRENT_TIMESTAMP(''), 1);
INSERT INTO CodeTableItem (TABLENAME, CODE, DESCRIPTION, ANNOTATION, COMMENTS, ISENABLED, SORTORDER, LOCALEIDENTIFIER, LASTWRITTEN, VERSIONNO) VALUES ('XSLTemplateCategory', 'TC2004', 'Assessment', '', '', '1', 0, 'en', CURRENT_TIMESTAMP(''), 1);
INSERT INTO CodeTableItem (TABLENAME, CODE, DESCRIPTION, ANNOTATION, COMMENTS, ISENABLED, SORTORDER, LOCALEIDENTIFIER, LASTWRITTEN, VERSIONNO) VALUES ('XSLTemplateCategory', 'TC2005', 'Investigation', '', '', '1', 0, 'en', CURRENT_TIMESTAMP(''), 1);
INSERT INTO CodeTableItem (TABLENAME, CODE, DESCRIPTION, ANNOTATION, COMMENTS, ISENABLED, SORTORDER, LOCALEIDENTIFIER, LASTWRITTEN, VERSIONNO) VALUES ('XSLTemplateCategory', 'TC2006', 'Issue', '', '', '1', 0, 'en', CURRENT_TIMESTAMP(''), 1);
INSERT INTO CodeTableItem (TABLENAME, CODE, DESCRIPTION, ANNOTATION, COMMENTS, ISENABLED, SORTORDER, LOCALEIDENTIFIER, LASTWRITTEN, VERSIONNO) VALUES ('XSLTemplateCategory', 'TC2007', 'Screening', '', '', '1', 0, 'en', CURRENT_TIMESTAMP(''), 1);
INSERT INTO CodeTableItem (TABLENAME, CODE, DESCRIPTION, ANNOTATION, COMMENTS, ISENABLED, SORTORDER, LOCALEIDENTIFIER, LASTWRITTEN, VERSIONNO) VALUES ('XSLTemplateCategory', 'TC2009', 'Case Contract', '', '', '1', 0, 'en', CURRENT_TIMESTAMP(''), 1);
INSERT INTO CodeTableItem (TABLENAME, CODE, DESCRIPTION, ANNOTATION, COMMENTS, ISENABLED, SORTORDER, LOCALEIDENTIFIER, LASTWRITTEN, VERSIONNO) VALUES ('XSLTemplateCategory', 'TC2010', 'Calendar', '', '', '1', 0, 'en', CURRENT_TIMESTAMP(''), 1);
INSERT INTO CodeTableItem (TABLENAME, CODE, DESCRIPTION, ANNOTATION, COMMENTS, ISENABLED, SORTORDER, LOCALEIDENTIFIER, LASTWRITTEN, VERSIONNO) VALUES ('XSLTemplateCategory', 'TC2011', 'Cases', '', '', '1', 0, 'en', CURRENT_TIMESTAMP(''), 1);
--
-- CODETABLE XSLTemplateType
--
INSERT INTO CodeTableHeader (TableName, TimeEntered, DefaultCode, LASTWRITTEN, VERSIONNO, PARENTCODETABLE) VALUES ('XSLTemplateType', CURRENT_TIMESTAMP(''), 'TR3', CURRENT_TIMESTAMP(''), 1, 'XSLTemplateCategory');
INSERT INTO CTDISPLAYNAME (TableName, LOCALEIdentifier,TEXT,LASTWRITTEN ) VALUES ( 'XSLTemplateType','en','Applies To', CURRENT_TIMESTAMP(''));
INSERT INTO CodeTableItem (TABLENAME, CODE, DESCRIPTION, ANNOTATION, COMMENTS, ISENABLED, SORTORDER, LOCALEIDENTIFIER, LASTWRITTEN, VERSIONNO, PARENTCODE) VALUES ('XSLTemplateType', 'TT31001', 'Agreement Template', '', '', '1', 0, 'en', CURRENT_TIMESTAMP(''), 1, 'TC31001');
INSERT INTO CodeTableItem (TABLENAME, CODE, DESCRIPTION, ANNOTATION, COMMENTS, ISENABLED, SORTORDER, LOCALEIDENTIFIER, LASTWRITTEN, VERSIONNO, PARENTCODE) VALUES ('XSLTemplateType', 'WSTR001', 'Intake Application', '', '', '1', 0, 'en', CURRENT_TIMESTAMP(''), 1, 'TC9000');
INSERT INTO CodeTableItem (TABLENAME, CODE, DESCRIPTION, ANNOTATION, COMMENTS, ISENABLED, SORTORDER, LOCALEIDENTIFIER, LASTWRITTEN, VERSIONNO, PARENTCODE) VALUES ('XSLTemplateType', 'TT3001', 'Client Referral', '', '', '1', 0, 'en', CURRENT_TIMESTAMP(''), 1, 'TC3001');
INSERT INTO CodeTableItem (TABLENAME, CODE, DESCRIPTION, ANNOTATION, COMMENTS, ISENABLED, SORTORDER, LOCALEIDENTIFIER, LASTWRITTEN, VERSIONNO, PARENTCODE) VALUES ('XSLTemplateType', 'TT3002', 'Provider Referral', '', '', '1', 0, 'en', CURRENT_TIMESTAMP(''), 1, 'TC3001');
INSERT INTO CodeTableItem (TABLENAME, CODE, DESCRIPTION, ANNOTATION, COMMENTS, ISENABLED, SORTORDER, LOCALEIDENTIFIER, LASTWRITTEN, VERSIONNO, PARENTCODE) VALUES ('XSLTemplateType', 'TT3003', 'Service  Offering Communications', '', '', '1', 0, 'en', CURRENT_TIMESTAMP(''), 1, 'TC3002');
INSERT INTO CodeTableItem (TABLENAME, CODE, DESCRIPTION, ANNOTATION, COMMENTS, ISENABLED, SORTORDER, LOCALEIDENTIFIER, LASTWRITTEN, VERSIONNO, PARENTCODE) VALUES ('XSLTemplateType', 'TT3004', 'Service Invoice line item Communications', '', '', '1', 0, 'en', CURRENT_TIMESTAMP(''), 1, 'TC3002');
INSERT INTO CodeTableItem (TABLENAME, CODE, DESCRIPTION, ANNOTATION, COMMENTS, ISENABLED, SORTORDER, LOCALEIDENTIFIER, LASTWRITTEN, VERSIONNO, PARENTCODE) VALUES ('XSLTemplateType', 'TT3005', 'Roster Communications', '', '', '1', 0, 'en', CURRENT_TIMESTAMP(''), 1, 'TC3002');
INSERT INTO CodeTableItem (TABLENAME, CODE, DESCRIPTION, ANNOTATION, COMMENTS, ISENABLED, SORTORDER, LOCALEIDENTIFIER, LASTWRITTEN, VERSIONNO, PARENTCODE) VALUES ('XSLTemplateType', 'TT3006', 'Roster Line Item Communications', '', '', '1', 0, 'en', CURRENT_TIMESTAMP(''), 1, 'TC3002');
INSERT INTO CodeTableItem (TABLENAME, CODE, DESCRIPTION, ANNOTATION, COMMENTS, ISENABLED, SORTORDER, LOCALEIDENTIFIER, LASTWRITTEN, VERSIONNO, PARENTCODE) VALUES ('XSLTemplateType', 'TT3007', 'License Communications', '', '', '1', 0, 'en', CURRENT_TIMESTAMP(''), 1, 'TC3002');
INSERT INTO CodeTableItem (TABLENAME, CODE, DESCRIPTION, ANNOTATION, COMMENTS, ISENABLED, SORTORDER, LOCALEIDENTIFIER, LASTWRITTEN, VERSIONNO, PARENTCODE) VALUES ('XSLTemplateType', 'TT3008', 'Flat-Rate Contract', '', '', '1', 0, 'en', CURRENT_TIMESTAMP(''), 1, 'TC3003');
INSERT INTO CodeTableItem (TABLENAME, CODE, DESCRIPTION, ANNOTATION, COMMENTS, ISENABLED, SORTORDER, LOCALEIDENTIFIER, LASTWRITTEN, VERSIONNO, PARENTCODE) VALUES ('XSLTemplateType', 'TT3009', 'Utilization Contract', '', '', '1', 0, 'en', CURRENT_TIMESTAMP(''), 1, 'TC3003');
INSERT INTO CodeTableItem (TABLENAME, CODE, DESCRIPTION, ANNOTATION, COMMENTS, ISENABLED, SORTORDER, LOCALEIDENTIFIER, LASTWRITTEN, VERSIONNO, PARENTCODE) VALUES ('XSLTemplateType', 'TT3009', 'Utilisation Contract', '', '', '1', 0, 'en_GB', CURRENT_TIMESTAMP(''), 1, 'TC3003');
INSERT INTO CodeTableItem (TABLENAME, CODE, DESCRIPTION, ANNOTATION, COMMENTS, ISENABLED, SORTORDER, LOCALEIDENTIFIER, LASTWRITTEN, VERSIONNO, PARENTCODE) VALUES ('XSLTemplateType', 'TT3010', 'Provider Group Communications', '', '', '1', 0, 'en', CURRENT_TIMESTAMP(''), 1, 'TC3004');
INSERT INTO CodeTableItem (TABLENAME, CODE, DESCRIPTION, ANNOTATION, COMMENTS, ISENABLED, SORTORDER, LOCALEIDENTIFIER, LASTWRITTEN, VERSIONNO, PARENTCODE) VALUES ('XSLTemplateType', 'TT3011', 'Contract Communications', '', '', '1', 0, 'en', CURRENT_TIMESTAMP(''), 1, 'TC3004');
INSERT INTO CodeTableItem (TABLENAME, CODE, DESCRIPTION, ANNOTATION, COMMENTS, ISENABLED, SORTORDER, LOCALEIDENTIFIER, LASTWRITTEN, VERSIONNO, PARENTCODE) VALUES ('XSLTemplateType', 'TT3012', 'Flat-Rate Contract', '', '', '1', 0, 'en', CURRENT_TIMESTAMP(''), 1, 'TC3005');
INSERT INTO CodeTableItem (TABLENAME, CODE, DESCRIPTION, ANNOTATION, COMMENTS, ISENABLED, SORTORDER, LOCALEIDENTIFIER, LASTWRITTEN, VERSIONNO, PARENTCODE) VALUES ('XSLTemplateType', 'TT3013', 'Utilization Contract', '', '', '1', 0, 'en', CURRENT_TIMESTAMP(''), 1, 'TC3005');
INSERT INTO CodeTableItem (TABLENAME, CODE, DESCRIPTION, ANNOTATION, COMMENTS, ISENABLED, SORTORDER, LOCALEIDENTIFIER, LASTWRITTEN, VERSIONNO, PARENTCODE) VALUES ('XSLTemplateType', 'TT3013', 'Utilisation Contract', '', '', '1', 0, 'en_GB', CURRENT_TIMESTAMP(''), 1, 'TC3005');
INSERT INTO CodeTableItem (TABLENAME, CODE, DESCRIPTION, ANNOTATION, COMMENTS, ISENABLED, SORTORDER, LOCALEIDENTIFIER, LASTWRITTEN, VERSIONNO, PARENTCODE) VALUES ('XSLTemplateType', 'TT3014', 'Provider Communications', '', '', '1', 0, 'en', CURRENT_TIMESTAMP(''), 1, 'TC3002');
INSERT INTO CodeTableItem (TABLENAME, CODE, DESCRIPTION, ANNOTATION, COMMENTS, ISENABLED, SORTORDER, LOCALEIDENTIFIER, LASTWRITTEN, VERSIONNO, PARENTCODE) VALUES ('XSLTemplateType', 'TT3015', 'Contract Communications', '', '', '1', 0, 'en', CURRENT_TIMESTAMP(''), 1, 'TC3002');
INSERT INTO CodeTableItem (TABLENAME, CODE, DESCRIPTION, ANNOTATION, COMMENTS, ISENABLED, SORTORDER, LOCALEIDENTIFIER, LASTWRITTEN, VERSIONNO, PARENTCODE) VALUES ('XSLTemplateType', 'TR3001', 'All Referrals', '', '', '1', 0, 'en', CURRENT_TIMESTAMP(''), 1, 'TC3006');
INSERT INTO CodeTableItem (TABLENAME, CODE, DESCRIPTION, ANNOTATION, COMMENTS, ISENABLED, SORTORDER, LOCALEIDENTIFIER, LASTWRITTEN, VERSIONNO, PARENTCODE) VALUES ('XSLTemplateType', 'TT3016', 'Provider', '', '', '1', 0, 'en', CURRENT_TIMESTAMP(''), 1, 'TC2008');
INSERT INTO CodeTableItem (TABLENAME, CODE, DESCRIPTION, ANNOTATION, COMMENTS, ISENABLED, SORTORDER, LOCALEIDENTIFIER, LASTWRITTEN, VERSIONNO, PARENTCODE) VALUES ('XSLTemplateType', 'TT3017', 'Provider Group', '', '', '1', 0, 'en', CURRENT_TIMESTAMP(''), 1, 'TC2008');
INSERT INTO CodeTableItem (TABLENAME, CODE, DESCRIPTION, ANNOTATION, COMMENTS, ISENABLED, SORTORDER, LOCALEIDENTIFIER, LASTWRITTEN, VERSIONNO, PARENTCODE) VALUES ('XSLTemplateType', 'TT3501', 'Service Plan Contract', '', '', '1', 0, 'en', CURRENT_TIMESTAMP(''), 1, 'TC3501');
INSERT INTO CodeTableItem (TABLENAME, CODE, DESCRIPTION, ANNOTATION, COMMENTS, ISENABLED, SORTORDER, LOCALEIDENTIFIER, LASTWRITTEN, VERSIONNO, PARENTCODE) VALUES ('XSLTemplateType', 'TR11', 'All Communications', '', '', '1', 0, 'en', CURRENT_TIMESTAMP(''), 1, 'TC2001');
INSERT INTO CodeTableItem (TABLENAME, CODE, DESCRIPTION, ANNOTATION, COMMENTS, ISENABLED, SORTORDER, LOCALEIDENTIFIER, LASTWRITTEN, VERSIONNO, PARENTCODE) VALUES ('XSLTemplateType', 'TT2002', 'All Product Deliveries', '', '', '1', 0, 'en', CURRENT_TIMESTAMP(''), 1, 'TC2002');
INSERT INTO CodeTableItem (TABLENAME, CODE, DESCRIPTION, ANNOTATION, COMMENTS, ISENABLED, SORTORDER, LOCALEIDENTIFIER, LASTWRITTEN, VERSIONNO, PARENTCODE) VALUES ('XSLTemplateType', 'TT2003', 'Benefit Overpayment', '', '', '1', 0, 'en', CURRENT_TIMESTAMP(''), 1, 'TC2002');
INSERT INTO CodeTableItem (TABLENAME, CODE, DESCRIPTION, ANNOTATION, COMMENTS, ISENABLED, SORTORDER, LOCALEIDENTIFIER, LASTWRITTEN, VERSIONNO, PARENTCODE) VALUES ('XSLTemplateType', 'TT2004', 'Integrated Case Benefit Sample', '', '', '1', 0, 'en', CURRENT_TIMESTAMP(''), 1, 'TC2002');
INSERT INTO CodeTableItem (TABLENAME, CODE, DESCRIPTION, ANNOTATION, COMMENTS, ISENABLED, SORTORDER, LOCALEIDENTIFIER, LASTWRITTEN, VERSIONNO, PARENTCODE) VALUES ('XSLTemplateType', 'TT2005', 'Integrated Case Benefit Underpayment', '', '', '1', 0, 'en', CURRENT_TIMESTAMP(''), 1, 'TC2002');
INSERT INTO CodeTableItem (TABLENAME, CODE, DESCRIPTION, ANNOTATION, COMMENTS, ISENABLED, SORTORDER, LOCALEIDENTIFIER, LASTWRITTEN, VERSIONNO, PARENTCODE) VALUES ('XSLTemplateType', 'TT2006', 'Integrated Case Sporting Grant Sample', '', '', '1', 0, 'en', CURRENT_TIMESTAMP(''), 1, 'TC2002');
INSERT INTO CodeTableItem (TABLENAME, CODE, DESCRIPTION, ANNOTATION, COMMENTS, ISENABLED, SORTORDER, LOCALEIDENTIFIER, LASTWRITTEN, VERSIONNO, PARENTCODE) VALUES ('XSLTemplateType', 'TT2007', 'Liability Sample', '', '', '1', 0, 'en', CURRENT_TIMESTAMP(''), 1, 'TC2002');
INSERT INTO CodeTableItem (TABLENAME, CODE, DESCRIPTION, ANNOTATION, COMMENTS, ISENABLED, SORTORDER, LOCALEIDENTIFIER, LASTWRITTEN, VERSIONNO, PARENTCODE) VALUES ('XSLTemplateType', 'TR12', 'Unemployment Benefit', '', '', '0', 0, 'en', CURRENT_TIMESTAMP(''), 1, 'TC2002');
INSERT INTO CodeTableItem (TABLENAME, CODE, DESCRIPTION, ANNOTATION, COMMENTS, ISENABLED, SORTORDER, LOCALEIDENTIFIER, LASTWRITTEN, VERSIONNO, PARENTCODE) VALUES ('XSLTemplateType', 'TR14', 'Income Support', '', '', '0', 0, 'en', CURRENT_TIMESTAMP(''), 1, 'TC2002');
INSERT INTO CodeTableItem (TABLENAME, CODE, DESCRIPTION, ANNOTATION, COMMENTS, ISENABLED, SORTORDER, LOCALEIDENTIFIER, LASTWRITTEN, VERSIONNO, PARENTCODE) VALUES ('XSLTemplateType', 'TT2008', 'All Integrated Cases', '', '', '1', 0, 'en', CURRENT_TIMESTAMP(''), 1, 'TC2003');
INSERT INTO CodeTableItem (TABLENAME, CODE, DESCRIPTION, ANNOTATION, COMMENTS, ISENABLED, SORTORDER, LOCALEIDENTIFIER, LASTWRITTEN, VERSIONNO, PARENTCODE) VALUES ('XSLTemplateType', 'TT2009', 'Assistance', '', '', '1', 0, 'en', CURRENT_TIMESTAMP(''), 1, 'TC2003');
INSERT INTO CodeTableItem (TABLENAME, CODE, DESCRIPTION, ANNOTATION, COMMENTS, ISENABLED, SORTORDER, LOCALEIDENTIFIER, LASTWRITTEN, VERSIONNO, PARENTCODE) VALUES ('XSLTemplateType', 'TT2010', 'Sporting Grant', '', '', '1', 0, 'en', CURRENT_TIMESTAMP(''), 1, 'TC2003');
INSERT INTO CodeTableItem (TABLENAME, CODE, DESCRIPTION, ANNOTATION, COMMENTS, ISENABLED, SORTORDER, LOCALEIDENTIFIER, LASTWRITTEN, VERSIONNO, PARENTCODE) VALUES ('XSLTemplateType', 'TT2011', 'All Assessments', '', '', '1', 0, 'en', CURRENT_TIMESTAMP(''), 1, 'TC2004');
INSERT INTO CodeTableItem (TABLENAME, CODE, DESCRIPTION, ANNOTATION, COMMENTS, ISENABLED, SORTORDER, LOCALEIDENTIFIER, LASTWRITTEN, VERSIONNO, PARENTCODE) VALUES ('XSLTemplateType', 'TT2012', 'General', '', '', '1', 0, 'en', CURRENT_TIMESTAMP(''), 1, 'TC2004');
INSERT INTO CodeTableItem (TABLENAME, CODE, DESCRIPTION, ANNOTATION, COMMENTS, ISENABLED, SORTORDER, LOCALEIDENTIFIER, LASTWRITTEN, VERSIONNO, PARENTCODE) VALUES ('XSLTemplateType', 'TT2013', 'Financial', '', '', '1', 0, 'en', CURRENT_TIMESTAMP(''), 1, 'TC2004');
INSERT INTO CodeTableItem (TABLENAME, CODE, DESCRIPTION, ANNOTATION, COMMENTS, ISENABLED, SORTORDER, LOCALEIDENTIFIER, LASTWRITTEN, VERSIONNO, PARENTCODE) VALUES ('XSLTemplateType', 'TT2014', 'Means', '', '', '1', 0, 'en', CURRENT_TIMESTAMP(''), 1, 'TC2004');
INSERT INTO CodeTableItem (TABLENAME, CODE, DESCRIPTION, ANNOTATION, COMMENTS, ISENABLED, SORTORDER, LOCALEIDENTIFIER, LASTWRITTEN, VERSIONNO, PARENTCODE) VALUES ('XSLTemplateType', 'TT2015', 'All Investigations', '', '', '1', 0, 'en', CURRENT_TIMESTAMP(''), 1, 'TC2005');
INSERT INTO CodeTableItem (TABLENAME, CODE, DESCRIPTION, ANNOTATION, COMMENTS, ISENABLED, SORTORDER, LOCALEIDENTIFIER, LASTWRITTEN, VERSIONNO, PARENTCODE) VALUES ('XSLTemplateType', 'TT2016', 'Benefit Fraud', '', '', '1', 0, 'en', CURRENT_TIMESTAMP(''), 1, 'TC2005');
INSERT INTO CodeTableItem (TABLENAME, CODE, DESCRIPTION, ANNOTATION, COMMENTS, ISENABLED, SORTORDER, LOCALEIDENTIFIER, LASTWRITTEN, VERSIONNO, PARENTCODE) VALUES ('XSLTemplateType', 'TT2017', 'Child Services', '', '', '1', 0, 'en', CURRENT_TIMESTAMP(''), 1, 'TC2005');
INSERT INTO CodeTableItem (TABLENAME, CODE, DESCRIPTION, ANNOTATION, COMMENTS, ISENABLED, SORTORDER, LOCALEIDENTIFIER, LASTWRITTEN, VERSIONNO, PARENTCODE) VALUES ('XSLTemplateType', 'TT2018', 'All Issues', '', '', '1', 0, 'en', CURRENT_TIMESTAMP(''), 1, 'TC2006');
INSERT INTO CodeTableItem (TABLENAME, CODE, DESCRIPTION, ANNOTATION, COMMENTS, ISENABLED, SORTORDER, LOCALEIDENTIFIER, LASTWRITTEN, VERSIONNO, PARENTCODE) VALUES ('XSLTemplateType', 'TT2019', 'Earned Income', '', '', '1', 0, 'en', CURRENT_TIMESTAMP(''), 1, 'TC2006');
INSERT INTO CodeTableItem (TABLENAME, CODE, DESCRIPTION, ANNOTATION, COMMENTS, ISENABLED, SORTORDER, LOCALEIDENTIFIER, LASTWRITTEN, VERSIONNO, PARENTCODE) VALUES ('XSLTemplateType', 'TT2020', 'Holiday Pay', '', '', '1', 0, 'en', CURRENT_TIMESTAMP(''), 1, 'TC2006');
INSERT INTO CodeTableItem (TABLENAME, CODE, DESCRIPTION, ANNOTATION, COMMENTS, ISENABLED, SORTORDER, LOCALEIDENTIFIER, LASTWRITTEN, VERSIONNO, PARENTCODE) VALUES ('XSLTemplateType', 'TT2021', 'Pension', '', '', '1', 0, 'en', CURRENT_TIMESTAMP(''), 1, 'TC2006');
INSERT INTO CodeTableItem (TABLENAME, CODE, DESCRIPTION, ANNOTATION, COMMENTS, ISENABLED, SORTORDER, LOCALEIDENTIFIER, LASTWRITTEN, VERSIONNO, PARENTCODE) VALUES ('XSLTemplateType', 'TT2022', 'Separation Income', '', '', '1', 0, 'en', CURRENT_TIMESTAMP(''), 1, 'TC2006');
INSERT INTO CodeTableItem (TABLENAME, CODE, DESCRIPTION, ANNOTATION, COMMENTS, ISENABLED, SORTORDER, LOCALEIDENTIFIER, LASTWRITTEN, VERSIONNO, PARENTCODE) VALUES ('XSLTemplateType', 'TT2023', 'All Screening Cases', '', '', '1', 0, 'en', CURRENT_TIMESTAMP(''), 1, 'TC2007');
INSERT INTO CodeTableItem (TABLENAME, CODE, DESCRIPTION, ANNOTATION, COMMENTS, ISENABLED, SORTORDER, LOCALEIDENTIFIER, LASTWRITTEN, VERSIONNO, PARENTCODE) VALUES ('XSLTemplateType', 'TR1', 'All Participant Types', '', '', '1', 0, 'en', CURRENT_TIMESTAMP(''), 1, 'TC2008');
INSERT INTO CodeTableItem (TABLENAME, CODE, DESCRIPTION, ANNOTATION, COMMENTS, ISENABLED, SORTORDER, LOCALEIDENTIFIER, LASTWRITTEN, VERSIONNO, PARENTCODE) VALUES ('XSLTemplateType', 'TR4', 'Employer', '', '', '1', 0, 'en', CURRENT_TIMESTAMP(''), 1, 'TC2008');
INSERT INTO CodeTableItem (TABLENAME, CODE, DESCRIPTION, ANNOTATION, COMMENTS, ISENABLED, SORTORDER, LOCALEIDENTIFIER, LASTWRITTEN, VERSIONNO, PARENTCODE) VALUES ('XSLTemplateType', 'TR2015', 'External Party', '', '', '1', 0, 'en', CURRENT_TIMESTAMP(''), 1, 'TC2008');
INSERT INTO CodeTableItem (TABLENAME, CODE, DESCRIPTION, ANNOTATION, COMMENTS, ISENABLED, SORTORDER, LOCALEIDENTIFIER, LASTWRITTEN, VERSIONNO, PARENTCODE) VALUES ('XSLTemplateType', 'TR7', 'Information Provider', '', '', '1', 0, 'en', CURRENT_TIMESTAMP(''), 1, 'TC2008');
INSERT INTO CodeTableItem (TABLENAME, CODE, DESCRIPTION, ANNOTATION, COMMENTS, ISENABLED, SORTORDER, LOCALEIDENTIFIER, LASTWRITTEN, VERSIONNO, PARENTCODE) VALUES ('XSLTemplateType', 'TR3', 'Person', '', '', '1', 0, 'en', CURRENT_TIMESTAMP(''), 1, 'TC2008');
INSERT INTO CodeTableItem (TABLENAME, CODE, DESCRIPTION, ANNOTATION, COMMENTS, ISENABLED, SORTORDER, LOCALEIDENTIFIER, LASTWRITTEN, VERSIONNO, PARENTCODE) VALUES ('XSLTemplateType', 'TR5', 'Service Supplier', '', '', '1', 0, 'en', CURRENT_TIMESTAMP(''), 1, 'TC2008');
INSERT INTO CodeTableItem (TABLENAME, CODE, DESCRIPTION, ANNOTATION, COMMENTS, ISENABLED, SORTORDER, LOCALEIDENTIFIER, LASTWRITTEN, VERSIONNO, PARENTCODE) VALUES ('XSLTemplateType', 'TR8', 'Utility', '', '', '1', 0, 'en', CURRENT_TIMESTAMP(''), 1, 'TC2008');
INSERT INTO CodeTableItem (TABLENAME, CODE, DESCRIPTION, ANNOTATION, COMMENTS, ISENABLED, SORTORDER, LOCALEIDENTIFIER, LASTWRITTEN, VERSIONNO, PARENTCODE) VALUES ('XSLTemplateType', 'TR6', 'Product Provider', '', '', '1', 0, 'en', CURRENT_TIMESTAMP(''), 1, 'TC2008');
INSERT INTO CodeTableItem (TABLENAME, CODE, DESCRIPTION, ANNOTATION, COMMENTS, ISENABLED, SORTORDER, LOCALEIDENTIFIER, LASTWRITTEN, VERSIONNO, PARENTCODE) VALUES ('XSLTemplateType', 'TR9', 'Prospect Person', '', '', '1', 0, 'en', CURRENT_TIMESTAMP(''), 1, 'TC2008');
INSERT INTO CodeTableItem (TABLENAME, CODE, DESCRIPTION, ANNOTATION, COMMENTS, ISENABLED, SORTORDER, LOCALEIDENTIFIER, LASTWRITTEN, VERSIONNO, PARENTCODE) VALUES ('XSLTemplateType', 'TR10', 'Prospect Employer', '', '', '1', 0, 'en', CURRENT_TIMESTAMP(''), 1, 'TC2008');
INSERT INTO CodeTableItem (TABLENAME, CODE, DESCRIPTION, ANNOTATION, COMMENTS, ISENABLED, SORTORDER, LOCALEIDENTIFIER, LASTWRITTEN, VERSIONNO, PARENTCODE) VALUES ('XSLTemplateType', 'TT2034', 'Educational Institute', '', '', '1', 0, 'en', CURRENT_TIMESTAMP(''), 1, 'TC2008');
INSERT INTO CodeTableItem (TABLENAME, CODE, DESCRIPTION, ANNOTATION, COMMENTS, ISENABLED, SORTORDER, LOCALEIDENTIFIER, LASTWRITTEN, VERSIONNO, PARENTCODE) VALUES ('XSLTemplateType', 'TR13', 'Case Contract', '', '', '1', 0, 'en', CURRENT_TIMESTAMP(''), 1, 'TC2009');
INSERT INTO CodeTableItem (TABLENAME, CODE, DESCRIPTION, ANNOTATION, COMMENTS, ISENABLED, SORTORDER, LOCALEIDENTIFIER, LASTWRITTEN, VERSIONNO, PARENTCODE) VALUES ('XSLTemplateType', 'ISETR001', 'Meeting Minutes', '', '', '1', 0, 'en', CURRENT_TIMESTAMP(''), 1, 'TC2010');
INSERT INTO CodeTableItem (TABLENAME, CODE, DESCRIPTION, ANNOTATION, COMMENTS, ISENABLED, SORTORDER, LOCALEIDENTIFIER, LASTWRITTEN, VERSIONNO, PARENTCODE) VALUES ('XSLTemplateType', 'TR2', 'All Case Types', '', '', '1', 0, 'en', CURRENT_TIMESTAMP(''), 1, 'TC2011');

