--
-- Generated by IBM Curam Generator.
--
-- Generator Copyright IBM Corporation 1999, 2012. All Rights Reserved.
--
-- US Government User Restricted Rights - Use, duplication restricted by GSA ADP Schedule Contract with IBM Corp.
--
--
-- HIERARCHY ServiceSupportHierarchy
--
INSERT INTO CodetableHierarchy (HIERARCHYNAME, CODETABLE, DESCRIPTION, LASTWRITTEN, VERSIONNO) VALUES ('ServiceSupportHierarchy', 'BSF_Service', '', CURRENT_TIMESTAMP(''), 1);
--
-- CODETABLE BSF_Service
--
INSERT INTO CodeTableHeader (TableName, TimeEntered, DefaultCode, LASTWRITTEN, VERSIONNO) VALUES ('BSF_Service', CURRENT_TIMESTAMP(''), '', CURRENT_TIMESTAMP(''), 1);
INSERT INTO CTDISPLAYNAME (TableName, LOCALEIdentifier,TEXT,LASTWRITTEN ) VALUES ( 'BSF_Service','ca','Serveis de BSF', CURRENT_TIMESTAMP(''));
INSERT INTO CTDISPLAYNAME (TableName, LOCALEIdentifier,TEXT,LASTWRITTEN ) VALUES ( 'BSF_Service','en','BSF Services', CURRENT_TIMESTAMP(''));
INSERT INTO CodeTableItem (TABLENAME, CODE, DESCRIPTION, ANNOTATION, COMMENTS, ISENABLED, SORTORDER, LOCALEIDENTIFIER, LASTWRITTEN, VERSIONNO) VALUES ('BSF_Service', '3000', 'Transport Adaptat', '', '', '1', 0, 'ca', CURRENT_TIMESTAMP(''), 1);
INSERT INTO CodeTableItem (TABLENAME, CODE, DESCRIPTION, ANNOTATION, COMMENTS, ISENABLED, SORTORDER, LOCALEIDENTIFIER, LASTWRITTEN, VERSIONNO) VALUES ('BSF_Service', '3000', 'Adapted transport', '', '', '1', 0, 'en', CURRENT_TIMESTAMP(''), 1);
INSERT INTO CodeTableItem (TABLENAME, CODE, DESCRIPTION, ANNOTATION, COMMENTS, ISENABLED, SORTORDER, LOCALEIDENTIFIER, LASTWRITTEN, VERSIONNO) VALUES ('BSF_Service', '3100', 'Assistent personal', '', '', '1', 0, 'ca', CURRENT_TIMESTAMP(''), 1);
INSERT INTO CodeTableItem (TABLENAME, CODE, DESCRIPTION, ANNOTATION, COMMENTS, ISENABLED, SORTORDER, LOCALEIDENTIFIER, LASTWRITTEN, VERSIONNO) VALUES ('BSF_Service', '3100', 'Personal assistant', '', '', '1', 0, 'en', CURRENT_TIMESTAMP(''), 1);
INSERT INTO CodeTableItem (TABLENAME, CODE, DESCRIPTION, ANNOTATION, COMMENTS, ISENABLED, SORTORDER, LOCALEIDENTIFIER, LASTWRITTEN, VERSIONNO) VALUES ('BSF_Service', '3200', 'CAE Centre de dia atenció especialitzada - discap
					intel·lectuals', '', '', '1', 0, 'ca', CURRENT_TIMESTAMP(''), 1);
INSERT INTO CodeTableItem (TABLENAME, CODE, DESCRIPTION, ANNOTATION, COMMENTS, ISENABLED, SORTORDER, LOCALEIDENTIFIER, LASTWRITTEN, VERSIONNO) VALUES ('BSF_Service', '3200', 'CAE Day care center specialized atention - intellectually disabled', '', '', '1', 0, 'en', CURRENT_TIMESTAMP(''), 1);
INSERT INTO CodeTableItem (TABLENAME, CODE, DESCRIPTION, ANNOTATION, COMMENTS, ISENABLED, SORTORDER, LOCALEIDENTIFIER, LASTWRITTEN, VERSIONNO) VALUES ('BSF_Service', '3300', 'STO Servei de teràpia ocupacional – discap
					intel·lectuals', '', '', '1', 0, 'ca', CURRENT_TIMESTAMP(''), 1);
INSERT INTO CodeTableItem (TABLENAME, CODE, DESCRIPTION, ANNOTATION, COMMENTS, ISENABLED, SORTORDER, LOCALEIDENTIFIER, LASTWRITTEN, VERSIONNO) VALUES ('BSF_Service', '3300', 'STO Ocupational Terapy - intellectually disabled', '', '', '1', 0, 'en', CURRENT_TIMESTAMP(''), 1);
INSERT INTO CodeTableItem (TABLENAME, CODE, DESCRIPTION, ANNOTATION, COMMENTS, ISENABLED, SORTORDER, LOCALEIDENTIFIER, LASTWRITTEN, VERSIONNO) VALUES ('BSF_Service', '3400', 'SOI Servei ocupacional d’inserció – discap
					intel·lectuals', '', '', '1', 0, 'ca', CURRENT_TIMESTAMP(''), 1);
INSERT INTO CodeTableItem (TABLENAME, CODE, DESCRIPTION, ANNOTATION, COMMENTS, ISENABLED, SORTORDER, LOCALEIDENTIFIER, LASTWRITTEN, VERSIONNO) VALUES ('BSF_Service', '3400', 'SOI Ocupational Insertion - intellectually disabled', '', '', '1', 0, 'en', CURRENT_TIMESTAMP(''), 1);
INSERT INTO CodeTableItem (TABLENAME, CODE, DESCRIPTION, ANNOTATION, COMMENTS, ISENABLED, SORTORDER, LOCALEIDENTIFIER, LASTWRITTEN, VERSIONNO) VALUES ('BSF_Service', '3500', 'Llar residencial – discap intel·lectuals', '', '', '1', 0, 'ca', CURRENT_TIMESTAMP(''), 1);
INSERT INTO CodeTableItem (TABLENAME, CODE, DESCRIPTION, ANNOTATION, COMMENTS, ISENABLED, SORTORDER, LOCALEIDENTIFIER, LASTWRITTEN, VERSIONNO) VALUES ('BSF_Service', '3500', 'Residential Home – intellectually disabled', '', '', '1', 0, 'en', CURRENT_TIMESTAMP(''), 1);
INSERT INTO CodeTableItem (TABLENAME, CODE, DESCRIPTION, ANNOTATION, COMMENTS, ISENABLED, SORTORDER, LOCALEIDENTIFIER, LASTWRITTEN, VERSIONNO) VALUES ('BSF_Service', '3600', 'Residència – discap intel·lectuals', '', '', '1', 0, 'ca', CURRENT_TIMESTAMP(''), 1);
INSERT INTO CodeTableItem (TABLENAME, CODE, DESCRIPTION, ANNOTATION, COMMENTS, ISENABLED, SORTORDER, LOCALEIDENTIFIER, LASTWRITTEN, VERSIONNO) VALUES ('BSF_Service', '3600', 'Residence – intellectually disabled', '', '', '1', 0, 'en', CURRENT_TIMESTAMP(''), 1);
INSERT INTO CodeTableItem (TABLENAME, CODE, DESCRIPTION, ANNOTATION, COMMENTS, ISENABLED, SORTORDER, LOCALEIDENTIFIER, LASTWRITTEN, VERSIONNO) VALUES ('BSF_Service', '3700', 'Llar residencial – discap físics', '', '', '1', 0, 'ca', CURRENT_TIMESTAMP(''), 1);
INSERT INTO CodeTableItem (TABLENAME, CODE, DESCRIPTION, ANNOTATION, COMMENTS, ISENABLED, SORTORDER, LOCALEIDENTIFIER, LASTWRITTEN, VERSIONNO) VALUES ('BSF_Service', '3700', 'Residential Home – physically disabled', '', '', '1', 0, 'en', CURRENT_TIMESTAMP(''), 1);
INSERT INTO CodeTableItem (TABLENAME, CODE, DESCRIPTION, ANNOTATION, COMMENTS, ISENABLED, SORTORDER, LOCALEIDENTIFIER, LASTWRITTEN, VERSIONNO) VALUES ('BSF_Service', '3800', 'Residència – discap físics', '', '', '1', 0, 'ca', CURRENT_TIMESTAMP(''), 1);
INSERT INTO CodeTableItem (TABLENAME, CODE, DESCRIPTION, ANNOTATION, COMMENTS, ISENABLED, SORTORDER, LOCALEIDENTIFIER, LASTWRITTEN, VERSIONNO) VALUES ('BSF_Service', '3800', 'Residence – physically disabled', '', '', '1', 0, 'en', CURRENT_TIMESTAMP(''), 1);
INSERT INTO CodeTableItem (TABLENAME, CODE, DESCRIPTION, ANNOTATION, COMMENTS, ISENABLED, SORTORDER, LOCALEIDENTIFIER, LASTWRITTEN, VERSIONNO) VALUES ('BSF_Service', '3900', 'STO Servei de teràpia ocupacional – discap físics', '', '', '1', 0, 'ca', CURRENT_TIMESTAMP(''), 1);
INSERT INTO CodeTableItem (TABLENAME, CODE, DESCRIPTION, ANNOTATION, COMMENTS, ISENABLED, SORTORDER, LOCALEIDENTIFIER, LASTWRITTEN, VERSIONNO) VALUES ('BSF_Service', '3900', 'STO Ocupational Terapy – physically disabled', '', '', '1', 0, 'en', CURRENT_TIMESTAMP(''), 1);
INSERT INTO CodeTableItem (TABLENAME, CODE, DESCRIPTION, ANNOTATION, COMMENTS, ISENABLED, SORTORDER, LOCALEIDENTIFIER, LASTWRITTEN, VERSIONNO) VALUES ('BSF_Service', '4000', 'SOI Servei ocupacional d’inserció – discap físics', '', '', '1', 0, 'ca', CURRENT_TIMESTAMP(''), 1);
INSERT INTO CodeTableItem (TABLENAME, CODE, DESCRIPTION, ANNOTATION, COMMENTS, ISENABLED, SORTORDER, LOCALEIDENTIFIER, LASTWRITTEN, VERSIONNO) VALUES ('BSF_Service', '4000', 'SOI Ocupational Insertion – physically disabled', '', '', '1', 0, 'en', CURRENT_TIMESTAMP(''), 1);
INSERT INTO CodeTableItem (TABLENAME, CODE, DESCRIPTION, ANNOTATION, COMMENTS, ISENABLED, SORTORDER, LOCALEIDENTIFIER, LASTWRITTEN, VERSIONNO) VALUES ('BSF_Service', '4100', 'CAE Centre de dia atenció especialitzada - discap
					físics', '', '', '1', 0, 'ca', CURRENT_TIMESTAMP(''), 1);
INSERT INTO CodeTableItem (TABLENAME, CODE, DESCRIPTION, ANNOTATION, COMMENTS, ISENABLED, SORTORDER, LOCALEIDENTIFIER, LASTWRITTEN, VERSIONNO) VALUES ('BSF_Service', '4100', 'CAE Day care center especialized atention - physically disabled', '', '', '1', 0, 'en', CURRENT_TIMESTAMP(''), 1);
--
-- CODETABLE BSF_Supports
--
INSERT INTO CodeTableHeader (TableName, TimeEntered, DefaultCode, LASTWRITTEN, VERSIONNO, PARENTCODETABLE) VALUES ('BSF_Supports', CURRENT_TIMESTAMP(''), '', CURRENT_TIMESTAMP(''), 1, 'BSF_Service');
INSERT INTO CTDISPLAYNAME (TableName, LOCALEIdentifier,TEXT,LASTWRITTEN ) VALUES ( 'BSF_Supports','ca','Suport de serveis de BSF', CURRENT_TIMESTAMP(''));
INSERT INTO CTDISPLAYNAME (TableName, LOCALEIdentifier,TEXT,LASTWRITTEN ) VALUES ( 'BSF_Supports','en','BSF Support', CURRENT_TIMESTAMP(''));
INSERT INTO CodeTableItem (TABLENAME, CODE, DESCRIPTION, ANNOTATION, COMMENTS, ISENABLED, SORTORDER, LOCALEIDENTIFIER, LASTWRITTEN, VERSIONNO, PARENTCODE) VALUES ('BSF_Supports', '3001', '-', '', '', '1', 0, 'ca', CURRENT_TIMESTAMP(''), 1, '3000');
INSERT INTO CodeTableItem (TABLENAME, CODE, DESCRIPTION, ANNOTATION, COMMENTS, ISENABLED, SORTORDER, LOCALEIDENTIFIER, LASTWRITTEN, VERSIONNO, PARENTCODE) VALUES ('BSF_Supports', '3001', '-', '', '', '1', 1, 'en', CURRENT_TIMESTAMP(''), 1, '3000');
INSERT INTO CodeTableItem (TABLENAME, CODE, DESCRIPTION, ANNOTATION, COMMENTS, ISENABLED, SORTORDER, LOCALEIDENTIFIER, LASTWRITTEN, VERSIONNO, PARENTCODE) VALUES ('BSF_Supports', '3101', '-', '', '', '1', 0, 'ca', CURRENT_TIMESTAMP(''), 1, '3100');
INSERT INTO CodeTableItem (TABLENAME, CODE, DESCRIPTION, ANNOTATION, COMMENTS, ISENABLED, SORTORDER, LOCALEIDENTIFIER, LASTWRITTEN, VERSIONNO, PARENTCODE) VALUES ('BSF_Supports', '3101', '-', '', '', '1', 0, 'en', CURRENT_TIMESTAMP(''), 1, '3100');
INSERT INTO CodeTableItem (TABLENAME, CODE, DESCRIPTION, ANNOTATION, COMMENTS, ISENABLED, SORTORDER, LOCALEIDENTIFIER, LASTWRITTEN, VERSIONNO, PARENTCODE) VALUES ('BSF_Supports', '3201', '-', '', '', '1', 0, 'ca', CURRENT_TIMESTAMP(''), 1, '3200');
INSERT INTO CodeTableItem (TABLENAME, CODE, DESCRIPTION, ANNOTATION, COMMENTS, ISENABLED, SORTORDER, LOCALEIDENTIFIER, LASTWRITTEN, VERSIONNO, PARENTCODE) VALUES ('BSF_Supports', '3201', '-', '', '', '1', 0, 'en', CURRENT_TIMESTAMP(''), 1, '3200');
INSERT INTO CodeTableItem (TABLENAME, CODE, DESCRIPTION, ANNOTATION, COMMENTS, ISENABLED, SORTORDER, LOCALEIDENTIFIER, LASTWRITTEN, VERSIONNO, PARENTCODE) VALUES ('BSF_Supports', '3301', '-', '', '', '1', 0, 'ca', CURRENT_TIMESTAMP(''), 1, '3300');
INSERT INTO CodeTableItem (TABLENAME, CODE, DESCRIPTION, ANNOTATION, COMMENTS, ISENABLED, SORTORDER, LOCALEIDENTIFIER, LASTWRITTEN, VERSIONNO, PARENTCODE) VALUES ('BSF_Supports', '3301', '-', '', '', '1', 0, 'en', CURRENT_TIMESTAMP(''), 1, '3300');
INSERT INTO CodeTableItem (TABLENAME, CODE, DESCRIPTION, ANNOTATION, COMMENTS, ISENABLED, SORTORDER, LOCALEIDENTIFIER, LASTWRITTEN, VERSIONNO, PARENTCODE) VALUES ('BSF_Supports', '3302', 'Amb auxiliar STOA', '', '', '1', 0, 'ca', CURRENT_TIMESTAMP(''), 1, '3300');
INSERT INTO CodeTableItem (TABLENAME, CODE, DESCRIPTION, ANNOTATION, COMMENTS, ISENABLED, SORTORDER, LOCALEIDENTIFIER, LASTWRITTEN, VERSIONNO, PARENTCODE) VALUES ('BSF_Supports', '3302', 'with STOA auxiliar', '', '', '1', 0, 'en', CURRENT_TIMESTAMP(''), 1, '3300');
INSERT INTO CodeTableItem (TABLENAME, CODE, DESCRIPTION, ANNOTATION, COMMENTS, ISENABLED, SORTORDER, LOCALEIDENTIFIER, LASTWRITTEN, VERSIONNO, PARENTCODE) VALUES ('BSF_Supports', '3401', '-', '', '', '1', 0, 'ca', CURRENT_TIMESTAMP(''), 1, '3400');
INSERT INTO CodeTableItem (TABLENAME, CODE, DESCRIPTION, ANNOTATION, COMMENTS, ISENABLED, SORTORDER, LOCALEIDENTIFIER, LASTWRITTEN, VERSIONNO, PARENTCODE) VALUES ('BSF_Supports', '3401', '-', '', '', '1', 0, 'en', CURRENT_TIMESTAMP(''), 1, '3400');
INSERT INTO CodeTableItem (TABLENAME, CODE, DESCRIPTION, ANNOTATION, COMMENTS, ISENABLED, SORTORDER, LOCALEIDENTIFIER, LASTWRITTEN, VERSIONNO, PARENTCODE) VALUES ('BSF_Supports', '3501', 'Intermitent', '', '', '1', 0, 'ca', CURRENT_TIMESTAMP(''), 1, '3500');
INSERT INTO CodeTableItem (TABLENAME, CODE, DESCRIPTION, ANNOTATION, COMMENTS, ISENABLED, SORTORDER, LOCALEIDENTIFIER, LASTWRITTEN, VERSIONNO, PARENTCODE) VALUES ('BSF_Supports', '3501', 'Flashing', '', '', '1', 0, 'en', CURRENT_TIMESTAMP(''), 1, '3500');
INSERT INTO CodeTableItem (TABLENAME, CODE, DESCRIPTION, ANNOTATION, COMMENTS, ISENABLED, SORTORDER, LOCALEIDENTIFIER, LASTWRITTEN, VERSIONNO, PARENTCODE) VALUES ('BSF_Supports', '3502', 'Limitat', '', '', '1', 0, 'ca', CURRENT_TIMESTAMP(''), 1, '3500');
INSERT INTO CodeTableItem (TABLENAME, CODE, DESCRIPTION, ANNOTATION, COMMENTS, ISENABLED, SORTORDER, LOCALEIDENTIFIER, LASTWRITTEN, VERSIONNO, PARENTCODE) VALUES ('BSF_Supports', '3502', 'Limited', '', '', '1', 0, 'en', CURRENT_TIMESTAMP(''), 1, '3500');
INSERT INTO CodeTableItem (TABLENAME, CODE, DESCRIPTION, ANNOTATION, COMMENTS, ISENABLED, SORTORDER, LOCALEIDENTIFIER, LASTWRITTEN, VERSIONNO, PARENTCODE) VALUES ('BSF_Supports', '3503', 'Limitat (trastorns de conducta)', '', '', '1', 0, 'ca', CURRENT_TIMESTAMP(''), 1, '3500');
INSERT INTO CodeTableItem (TABLENAME, CODE, DESCRIPTION, ANNOTATION, COMMENTS, ISENABLED, SORTORDER, LOCALEIDENTIFIER, LASTWRITTEN, VERSIONNO, PARENTCODE) VALUES ('BSF_Supports', '3503', 'Limited (conduct disorders)', '', '', '1', 0, 'en', CURRENT_TIMESTAMP(''), 1, '3500');
INSERT INTO CodeTableItem (TABLENAME, CODE, DESCRIPTION, ANNOTATION, COMMENTS, ISENABLED, SORTORDER, LOCALEIDENTIFIER, LASTWRITTEN, VERSIONNO, PARENTCODE) VALUES ('BSF_Supports', '3504', 'Extens', '', '', '1', 0, 'ca', CURRENT_TIMESTAMP(''), 1, '3500');
INSERT INTO CodeTableItem (TABLENAME, CODE, DESCRIPTION, ANNOTATION, COMMENTS, ISENABLED, SORTORDER, LOCALEIDENTIFIER, LASTWRITTEN, VERSIONNO, PARENTCODE) VALUES ('BSF_Supports', '3504', 'Extensive', '', '', '1', 0, 'en', CURRENT_TIMESTAMP(''), 1, '3500');
INSERT INTO CodeTableItem (TABLENAME, CODE, DESCRIPTION, ANNOTATION, COMMENTS, ISENABLED, SORTORDER, LOCALEIDENTIFIER, LASTWRITTEN, VERSIONNO, PARENTCODE) VALUES ('BSF_Supports', '3505', 'Extens (trastorns de conducta)', '', '', '1', 0, 'ca', CURRENT_TIMESTAMP(''), 1, '3500');
INSERT INTO CodeTableItem (TABLENAME, CODE, DESCRIPTION, ANNOTATION, COMMENTS, ISENABLED, SORTORDER, LOCALEIDENTIFIER, LASTWRITTEN, VERSIONNO, PARENTCODE) VALUES ('BSF_Supports', '3505', 'Extensive (conduct disorders)', '', '', '1', 0, 'en', CURRENT_TIMESTAMP(''), 1, '3500');
INSERT INTO CodeTableItem (TABLENAME, CODE, DESCRIPTION, ANNOTATION, COMMENTS, ISENABLED, SORTORDER, LOCALEIDENTIFIER, LASTWRITTEN, VERSIONNO, PARENTCODE) VALUES ('BSF_Supports', '3506', 'Generalitzat', '', '', '1', 0, 'ca', CURRENT_TIMESTAMP(''), 1, '3500');
INSERT INTO CodeTableItem (TABLENAME, CODE, DESCRIPTION, ANNOTATION, COMMENTS, ISENABLED, SORTORDER, LOCALEIDENTIFIER, LASTWRITTEN, VERSIONNO, PARENTCODE) VALUES ('BSF_Supports', '3506', 'Widespread', '', '', '1', 0, 'en', CURRENT_TIMESTAMP(''), 1, '3500');
INSERT INTO CodeTableItem (TABLENAME, CODE, DESCRIPTION, ANNOTATION, COMMENTS, ISENABLED, SORTORDER, LOCALEIDENTIFIER, LASTWRITTEN, VERSIONNO, PARENTCODE) VALUES ('BSF_Supports', '3601', 'Extens', '', '', '1', 0, 'ca', CURRENT_TIMESTAMP(''), 1, '3600');
INSERT INTO CodeTableItem (TABLENAME, CODE, DESCRIPTION, ANNOTATION, COMMENTS, ISENABLED, SORTORDER, LOCALEIDENTIFIER, LASTWRITTEN, VERSIONNO, PARENTCODE) VALUES ('BSF_Supports', '3601', 'Extensive', '', '', '1', 0, 'en', CURRENT_TIMESTAMP(''), 1, '3600');
INSERT INTO CodeTableItem (TABLENAME, CODE, DESCRIPTION, ANNOTATION, COMMENTS, ISENABLED, SORTORDER, LOCALEIDENTIFIER, LASTWRITTEN, VERSIONNO, PARENTCODE) VALUES ('BSF_Supports', '3602', 'Extens (trastorns de conducta)', '', '', '1', 0, 'ca', CURRENT_TIMESTAMP(''), 1, '3600');
INSERT INTO CodeTableItem (TABLENAME, CODE, DESCRIPTION, ANNOTATION, COMMENTS, ISENABLED, SORTORDER, LOCALEIDENTIFIER, LASTWRITTEN, VERSIONNO, PARENTCODE) VALUES ('BSF_Supports', '3602', 'Extensive (conduct disorders)', '', '', '1', 0, 'en', CURRENT_TIMESTAMP(''), 1, '3600');
INSERT INTO CodeTableItem (TABLENAME, CODE, DESCRIPTION, ANNOTATION, COMMENTS, ISENABLED, SORTORDER, LOCALEIDENTIFIER, LASTWRITTEN, VERSIONNO, PARENTCODE) VALUES ('BSF_Supports', '3603', 'Generalitzat', '', '', '1', 0, 'ca', CURRENT_TIMESTAMP(''), 1, '3600');
INSERT INTO CodeTableItem (TABLENAME, CODE, DESCRIPTION, ANNOTATION, COMMENTS, ISENABLED, SORTORDER, LOCALEIDENTIFIER, LASTWRITTEN, VERSIONNO, PARENTCODE) VALUES ('BSF_Supports', '3603', 'Widespread', '', '', '1', 0, 'en', CURRENT_TIMESTAMP(''), 1, '3600');
INSERT INTO CodeTableItem (TABLENAME, CODE, DESCRIPTION, ANNOTATION, COMMENTS, ISENABLED, SORTORDER, LOCALEIDENTIFIER, LASTWRITTEN, VERSIONNO, PARENTCODE) VALUES ('BSF_Supports', '3604', 'Generalitzat (amb problemes de salut o de salut mental
					afegits)', '', '', '1', 0, 'ca', CURRENT_TIMESTAMP(''), 1, '3600');
INSERT INTO CodeTableItem (TABLENAME, CODE, DESCRIPTION, ANNOTATION, COMMENTS, ISENABLED, SORTORDER, LOCALEIDENTIFIER, LASTWRITTEN, VERSIONNO, PARENTCODE) VALUES ('BSF_Supports', '3604', 'Widespread (with health or mental problems added)', '', '', '1', 0, 'en', CURRENT_TIMESTAMP(''), 1, '3600');
INSERT INTO CodeTableItem (TABLENAME, CODE, DESCRIPTION, ANNOTATION, COMMENTS, ISENABLED, SORTORDER, LOCALEIDENTIFIER, LASTWRITTEN, VERSIONNO, PARENTCODE) VALUES ('BSF_Supports', '3605', 'Autisme d’alta intensitat', '', '', '1', 0, 'ca', CURRENT_TIMESTAMP(''), 1, '3600');
INSERT INTO CodeTableItem (TABLENAME, CODE, DESCRIPTION, ANNOTATION, COMMENTS, ISENABLED, SORTORDER, LOCALEIDENTIFIER, LASTWRITTEN, VERSIONNO, PARENTCODE) VALUES ('BSF_Supports', '3605', 'Autism high intensity', '', '', '1', 0, 'en', CURRENT_TIMESTAMP(''), 1, '3600');
INSERT INTO CodeTableItem (TABLENAME, CODE, DESCRIPTION, ANNOTATION, COMMENTS, ISENABLED, SORTORDER, LOCALEIDENTIFIER, LASTWRITTEN, VERSIONNO, PARENTCODE) VALUES ('BSF_Supports', '3606', 'Autisme de baixa intensitat', '', '', '1', 0, 'ca', CURRENT_TIMESTAMP(''), 1, '3600');
INSERT INTO CodeTableItem (TABLENAME, CODE, DESCRIPTION, ANNOTATION, COMMENTS, ISENABLED, SORTORDER, LOCALEIDENTIFIER, LASTWRITTEN, VERSIONNO, PARENTCODE) VALUES ('BSF_Supports', '3606', 'Autism low intensity', '', '', '1', 0, 'en', CURRENT_TIMESTAMP(''), 1, '3600');
INSERT INTO CodeTableItem (TABLENAME, CODE, DESCRIPTION, ANNOTATION, COMMENTS, ISENABLED, SORTORDER, LOCALEIDENTIFIER, LASTWRITTEN, VERSIONNO, PARENTCODE) VALUES ('BSF_Supports', '3607', 'Nens amb discapacitats', '', '', '1', 0, 'ca', CURRENT_TIMESTAMP(''), 1, '3600');
INSERT INTO CodeTableItem (TABLENAME, CODE, DESCRIPTION, ANNOTATION, COMMENTS, ISENABLED, SORTORDER, LOCALEIDENTIFIER, LASTWRITTEN, VERSIONNO, PARENTCODE) VALUES ('BSF_Supports', '3607', 'Children with disabilities', '', '', '1', 0, 'en', CURRENT_TIMESTAMP(''), 1, '3600');
INSERT INTO CodeTableItem (TABLENAME, CODE, DESCRIPTION, ANNOTATION, COMMENTS, ISENABLED, SORTORDER, LOCALEIDENTIFIER, LASTWRITTEN, VERSIONNO, PARENTCODE) VALUES ('BSF_Supports', '3608', 'Adolescents amb discapacitats', '', '', '1', 0, 'ca', CURRENT_TIMESTAMP(''), 1, '3600');
INSERT INTO CodeTableItem (TABLENAME, CODE, DESCRIPTION, ANNOTATION, COMMENTS, ISENABLED, SORTORDER, LOCALEIDENTIFIER, LASTWRITTEN, VERSIONNO, PARENTCODE) VALUES ('BSF_Supports', '3608', 'Teenagers with disabilities', '', '', '1', 0, 'en', CURRENT_TIMESTAMP(''), 1, '3600');
INSERT INTO CodeTableItem (TABLENAME, CODE, DESCRIPTION, ANNOTATION, COMMENTS, ISENABLED, SORTORDER, LOCALEIDENTIFIER, LASTWRITTEN, VERSIONNO, PARENTCODE) VALUES ('BSF_Supports', '3701', 'Intermitent', '', '', '1', 0, 'ca', CURRENT_TIMESTAMP(''), 1, '3700');
INSERT INTO CodeTableItem (TABLENAME, CODE, DESCRIPTION, ANNOTATION, COMMENTS, ISENABLED, SORTORDER, LOCALEIDENTIFIER, LASTWRITTEN, VERSIONNO, PARENTCODE) VALUES ('BSF_Supports', '3701', 'Flashing', '', '', '1', 0, 'en', CURRENT_TIMESTAMP(''), 1, '3700');
INSERT INTO CodeTableItem (TABLENAME, CODE, DESCRIPTION, ANNOTATION, COMMENTS, ISENABLED, SORTORDER, LOCALEIDENTIFIER, LASTWRITTEN, VERSIONNO, PARENTCODE) VALUES ('BSF_Supports', '3702', 'Limitat', '', '', '1', 0, 'ca', CURRENT_TIMESTAMP(''), 1, '3700');
INSERT INTO CodeTableItem (TABLENAME, CODE, DESCRIPTION, ANNOTATION, COMMENTS, ISENABLED, SORTORDER, LOCALEIDENTIFIER, LASTWRITTEN, VERSIONNO, PARENTCODE) VALUES ('BSF_Supports', '3702', 'Limited', '', '', '1', 0, 'en', CURRENT_TIMESTAMP(''), 1, '3700');
INSERT INTO CodeTableItem (TABLENAME, CODE, DESCRIPTION, ANNOTATION, COMMENTS, ISENABLED, SORTORDER, LOCALEIDENTIFIER, LASTWRITTEN, VERSIONNO, PARENTCODE) VALUES ('BSF_Supports', '3801', 'Extens', '', '', '1', 0, 'ca', CURRENT_TIMESTAMP(''), 1, '3800');
INSERT INTO CodeTableItem (TABLENAME, CODE, DESCRIPTION, ANNOTATION, COMMENTS, ISENABLED, SORTORDER, LOCALEIDENTIFIER, LASTWRITTEN, VERSIONNO, PARENTCODE) VALUES ('BSF_Supports', '3801', 'Extensive', '', '', '1', 0, 'en', CURRENT_TIMESTAMP(''), 1, '3800');
INSERT INTO CodeTableItem (TABLENAME, CODE, DESCRIPTION, ANNOTATION, COMMENTS, ISENABLED, SORTORDER, LOCALEIDENTIFIER, LASTWRITTEN, VERSIONNO, PARENTCODE) VALUES ('BSF_Supports', '3802', 'Generalitzat', '', '', '1', 0, 'ca', CURRENT_TIMESTAMP(''), 1, '3800');
INSERT INTO CodeTableItem (TABLENAME, CODE, DESCRIPTION, ANNOTATION, COMMENTS, ISENABLED, SORTORDER, LOCALEIDENTIFIER, LASTWRITTEN, VERSIONNO, PARENTCODE) VALUES ('BSF_Supports', '3802', 'Widespread', '', '', '1', 0, 'en', CURRENT_TIMESTAMP(''), 1, '3800');
INSERT INTO CodeTableItem (TABLENAME, CODE, DESCRIPTION, ANNOTATION, COMMENTS, ISENABLED, SORTORDER, LOCALEIDENTIFIER, LASTWRITTEN, VERSIONNO, PARENTCODE) VALUES ('BSF_Supports', '3901', '-', '', '', '1', 0, 'ca', CURRENT_TIMESTAMP(''), 1, '3900');
INSERT INTO CodeTableItem (TABLENAME, CODE, DESCRIPTION, ANNOTATION, COMMENTS, ISENABLED, SORTORDER, LOCALEIDENTIFIER, LASTWRITTEN, VERSIONNO, PARENTCODE) VALUES ('BSF_Supports', '3901', '-', '', '', '1', 0, 'en', CURRENT_TIMESTAMP(''), 1, '3900');
INSERT INTO CodeTableItem (TABLENAME, CODE, DESCRIPTION, ANNOTATION, COMMENTS, ISENABLED, SORTORDER, LOCALEIDENTIFIER, LASTWRITTEN, VERSIONNO, PARENTCODE) VALUES ('BSF_Supports', '3902', 'Amb auxiliar STOA', '', '', '1', 0, 'ca', CURRENT_TIMESTAMP(''), 1, '3900');
INSERT INTO CodeTableItem (TABLENAME, CODE, DESCRIPTION, ANNOTATION, COMMENTS, ISENABLED, SORTORDER, LOCALEIDENTIFIER, LASTWRITTEN, VERSIONNO, PARENTCODE) VALUES ('BSF_Supports', '3902', 'With STOA auxiliar', '', '', '1', 0, 'en', CURRENT_TIMESTAMP(''), 1, '3900');
INSERT INTO CodeTableItem (TABLENAME, CODE, DESCRIPTION, ANNOTATION, COMMENTS, ISENABLED, SORTORDER, LOCALEIDENTIFIER, LASTWRITTEN, VERSIONNO, PARENTCODE) VALUES ('BSF_Supports', '4001', '-', '', '', '1', 0, 'ca', CURRENT_TIMESTAMP(''), 1, '4000');
INSERT INTO CodeTableItem (TABLENAME, CODE, DESCRIPTION, ANNOTATION, COMMENTS, ISENABLED, SORTORDER, LOCALEIDENTIFIER, LASTWRITTEN, VERSIONNO, PARENTCODE) VALUES ('BSF_Supports', '4001', '-', '', '', '1', 0, 'en', CURRENT_TIMESTAMP(''), 1, '4000');
INSERT INTO CodeTableItem (TABLENAME, CODE, DESCRIPTION, ANNOTATION, COMMENTS, ISENABLED, SORTORDER, LOCALEIDENTIFIER, LASTWRITTEN, VERSIONNO, PARENTCODE) VALUES ('BSF_Supports', '4101', '-', '', '', '1', 0, 'ca', CURRENT_TIMESTAMP(''), 1, '4100');
INSERT INTO CodeTableItem (TABLENAME, CODE, DESCRIPTION, ANNOTATION, COMMENTS, ISENABLED, SORTORDER, LOCALEIDENTIFIER, LASTWRITTEN, VERSIONNO, PARENTCODE) VALUES ('BSF_Supports', '4101', '-', '', '', '1', 0, 'en', CURRENT_TIMESTAMP(''), 1, '4100');

