--
-- Generated by IBM Curam Generator.
--
-- Generator Copyright IBM Corporation 1999, 2012. All Rights Reserved.
--
-- US Government User Restricted Rights - Use, duplication restricted by GSA ADP Schedule Contract with IBM Corp.
--
--
-- HIERARCHY RequestTypeHierarchy
--
INSERT INTO CodetableHierarchy (HIERARCHYNAME, CODETABLE, DESCRIPTION, LASTWRITTEN, VERSIONNO) VALUES ('RequestTypeHierarchy', 'RequestCategory', '', CURRENT_TIMESTAMP(''), 1);
--
-- CODETABLE RequestCategory
--
INSERT INTO CodeTableHeader (TableName, TimeEntered, DefaultCode, LASTWRITTEN, VERSIONNO) VALUES ('RequestCategory', CURRENT_TIMESTAMP(''), '', CURRENT_TIMESTAMP(''), 1);
INSERT INTO CTDISPLAYNAME (TableName, LOCALEIdentifier,TEXT,LASTWRITTEN ) VALUES ( 'RequestCategory','en','Request Category', CURRENT_TIMESTAMP(''));
INSERT INTO CodeTableItem (TABLENAME, CODE, DESCRIPTION, ANNOTATION, COMMENTS, ISENABLED, SORTORDER, LOCALEIDENTIFIER, LASTWRITTEN, VERSIONNO) VALUES ('RequestCategory', 'CAT1', 'Address Request', '', '', '0', 0, 'en', CURRENT_TIMESTAMP(''), 1);
INSERT INTO CodeTableItem (TABLENAME, CODE, DESCRIPTION, ANNOTATION, COMMENTS, ISENABLED, SORTORDER, LOCALEIDENTIFIER, LASTWRITTEN, VERSIONNO) VALUES ('RequestCategory', 'CAT2', 'Communication Preference Request', '', '', '0', 0, 'en', CURRENT_TIMESTAMP(''), 1);
INSERT INTO CodeTableItem (TABLENAME, CODE, DESCRIPTION, ANNOTATION, COMMENTS, ISENABLED, SORTORDER, LOCALEIDENTIFIER, LASTWRITTEN, VERSIONNO) VALUES ('RequestCategory', 'CAT3', 'Login Credentials Request', '', '', '0', 0, 'en', CURRENT_TIMESTAMP(''), 1);
INSERT INTO CodeTableItem (TABLENAME, CODE, DESCRIPTION, ANNOTATION, COMMENTS, ISENABLED, SORTORDER, LOCALEIDENTIFIER, LASTWRITTEN, VERSIONNO) VALUES ('RequestCategory', 'CAT4', 'Payment Details Request', '', '', '0', 0, 'en', CURRENT_TIMESTAMP(''), 1);
INSERT INTO CodeTableItem (TABLENAME, CODE, DESCRIPTION, ANNOTATION, COMMENTS, ISENABLED, SORTORDER, LOCALEIDENTIFIER, LASTWRITTEN, VERSIONNO) VALUES ('RequestCategory', 'CAT5', 'Provider Accreditation Request', '', '', '0', 0, 'en', CURRENT_TIMESTAMP(''), 1);
INSERT INTO CodeTableItem (TABLENAME, CODE, DESCRIPTION, ANNOTATION, COMMENTS, ISENABLED, SORTORDER, LOCALEIDENTIFIER, LASTWRITTEN, VERSIONNO) VALUES ('RequestCategory', 'CAT6', 'Provider Category Request', '', '', '0', 0, 'en', CURRENT_TIMESTAMP(''), 1);
INSERT INTO CodeTableItem (TABLENAME, CODE, DESCRIPTION, ANNOTATION, COMMENTS, ISENABLED, SORTORDER, LOCALEIDENTIFIER, LASTWRITTEN, VERSIONNO) VALUES ('RequestCategory', 'CAT7', 'Provider Group Associate Request', '', '', '0', 0, 'en', CURRENT_TIMESTAMP(''), 1);
INSERT INTO CodeTableItem (TABLENAME, CODE, DESCRIPTION, ANNOTATION, COMMENTS, ISENABLED, SORTORDER, LOCALEIDENTIFIER, LASTWRITTEN, VERSIONNO) VALUES ('RequestCategory', 'CAT8', 'Provider Member Request', '', '', '0', 0, 'en', CURRENT_TIMESTAMP(''), 1);
INSERT INTO CodeTableItem (TABLENAME, CODE, DESCRIPTION, ANNOTATION, COMMENTS, ISENABLED, SORTORDER, LOCALEIDENTIFIER, LASTWRITTEN, VERSIONNO) VALUES ('RequestCategory', 'CAT9', 'Provider Offering Request', '', '', '0', 0, 'en', CURRENT_TIMESTAMP(''), 1);
INSERT INTO CodeTableItem (TABLENAME, CODE, DESCRIPTION, ANNOTATION, COMMENTS, ISENABLED, SORTORDER, LOCALEIDENTIFIER, LASTWRITTEN, VERSIONNO) VALUES ('RequestCategory', 'CAT10', 'Provider Participant Request', '', '', '0', 0, 'en', CURRENT_TIMESTAMP(''), 1);
INSERT INTO CodeTableItem (TABLENAME, CODE, DESCRIPTION, ANNOTATION, COMMENTS, ISENABLED, SORTORDER, LOCALEIDENTIFIER, LASTWRITTEN, VERSIONNO) VALUES ('RequestCategory', 'CAT11', 'Provider Type Request', '', '', '0', 0, 'en', CURRENT_TIMESTAMP(''), 1);
INSERT INTO CodeTableItem (TABLENAME, CODE, DESCRIPTION, ANNOTATION, COMMENTS, ISENABLED, SORTORDER, LOCALEIDENTIFIER, LASTWRITTEN, VERSIONNO) VALUES ('RequestCategory', 'CAT12', 'Re-establish Password Request', '', '', '0', 0, 'en', CURRENT_TIMESTAMP(''), 1);
INSERT INTO CodeTableItem (TABLENAME, CODE, DESCRIPTION, ANNOTATION, COMMENTS, ISENABLED, SORTORDER, LOCALEIDENTIFIER, LASTWRITTEN, VERSIONNO) VALUES ('RequestCategory', 'CAT13', 'Service Invoice Request', '', '', '1', 0, 'en', CURRENT_TIMESTAMP(''), 1);
INSERT INTO CodeTableItem (TABLENAME, CODE, DESCRIPTION, ANNOTATION, COMMENTS, ISENABLED, SORTORDER, LOCALEIDENTIFIER, LASTWRITTEN, VERSIONNO) VALUES ('RequestCategory', 'CAT14', 'Service Invoice Request Line Item', '', '', '0', 0, 'en', CURRENT_TIMESTAMP(''), 1);
--
-- CODETABLE RequestType
--
INSERT INTO CodeTableHeader (TableName, TimeEntered, DefaultCode, LASTWRITTEN, VERSIONNO, PARENTCODETABLE) VALUES ('RequestType', CURRENT_TIMESTAMP(''), '', CURRENT_TIMESTAMP(''), 1, 'RequestCategory');
INSERT INTO CTDISPLAYNAME (TableName, LOCALEIdentifier,TEXT,LASTWRITTEN ) VALUES ( 'RequestType','en','Request Type', CURRENT_TIMESTAMP(''));
INSERT INTO CodeTableItem (TABLENAME, CODE, DESCRIPTION, ANNOTATION, COMMENTS, ISENABLED, SORTORDER, LOCALEIDENTIFIER, LASTWRITTEN, VERSIONNO, PARENTCODE) VALUES ('RequestType', 'TYPE_1', 'Create Address', '', '', '0', 0, 'en', CURRENT_TIMESTAMP(''), 1, 'CAT1');
INSERT INTO CodeTableItem (TABLENAME, CODE, DESCRIPTION, ANNOTATION, COMMENTS, ISENABLED, SORTORDER, LOCALEIDENTIFIER, LASTWRITTEN, VERSIONNO, PARENTCODE) VALUES ('RequestType', 'TYPE_2', 'Modify Address', '', '', '0', 0, 'en', CURRENT_TIMESTAMP(''), 1, 'CAT1');
INSERT INTO CodeTableItem (TABLENAME, CODE, DESCRIPTION, ANNOTATION, COMMENTS, ISENABLED, SORTORDER, LOCALEIDENTIFIER, LASTWRITTEN, VERSIONNO, PARENTCODE) VALUES ('RequestType', 'TYPE_3', 'Delete Address', '', '', '0', 0, 'en', CURRENT_TIMESTAMP(''), 1, 'CAT1');
INSERT INTO CodeTableItem (TABLENAME, CODE, DESCRIPTION, ANNOTATION, COMMENTS, ISENABLED, SORTORDER, LOCALEIDENTIFIER, LASTWRITTEN, VERSIONNO, PARENTCODE) VALUES ('RequestType', 'TYPE_4', 'Modify Communication Preference', '', '', '0', 0, 'en', CURRENT_TIMESTAMP(''), 1, 'CAT2');
INSERT INTO CodeTableItem (TABLENAME, CODE, DESCRIPTION, ANNOTATION, COMMENTS, ISENABLED, SORTORDER, LOCALEIDENTIFIER, LASTWRITTEN, VERSIONNO, PARENTCODE) VALUES ('RequestType', 'TYPE_5', 'Request Login Credentials', '', '', '0', 0, 'en', CURRENT_TIMESTAMP(''), 1, 'CAT3');
INSERT INTO CodeTableItem (TABLENAME, CODE, DESCRIPTION, ANNOTATION, COMMENTS, ISENABLED, SORTORDER, LOCALEIDENTIFIER, LASTWRITTEN, VERSIONNO, PARENTCODE) VALUES ('RequestType', 'TYPE_6', 'Modify Payment Details', '', '', '0', 0, 'en', CURRENT_TIMESTAMP(''), 1, 'CAT4');
INSERT INTO CodeTableItem (TABLENAME, CODE, DESCRIPTION, ANNOTATION, COMMENTS, ISENABLED, SORTORDER, LOCALEIDENTIFIER, LASTWRITTEN, VERSIONNO, PARENTCODE) VALUES ('RequestType', 'TYPE_7', 'Insert Provider Accreditation', '', '', '0', 0, 'en', CURRENT_TIMESTAMP(''), 1, 'CAT5');
INSERT INTO CodeTableItem (TABLENAME, CODE, DESCRIPTION, ANNOTATION, COMMENTS, ISENABLED, SORTORDER, LOCALEIDENTIFIER, LASTWRITTEN, VERSIONNO, PARENTCODE) VALUES ('RequestType', 'TYPE_8', 'Insert Provider Category', '', '', '0', 0, 'en', CURRENT_TIMESTAMP(''), 1, 'CAT6');
INSERT INTO CodeTableItem (TABLENAME, CODE, DESCRIPTION, ANNOTATION, COMMENTS, ISENABLED, SORTORDER, LOCALEIDENTIFIER, LASTWRITTEN, VERSIONNO, PARENTCODE) VALUES ('RequestType', 'TYPE_9', 'Modify Provider Category', '', '', '0', 0, 'en', CURRENT_TIMESTAMP(''), 1, 'CAT6');
INSERT INTO CodeTableItem (TABLENAME, CODE, DESCRIPTION, ANNOTATION, COMMENTS, ISENABLED, SORTORDER, LOCALEIDENTIFIER, LASTWRITTEN, VERSIONNO, PARENTCODE) VALUES ('RequestType', 'TYPE_10', 'Delete Provider Category', '', '', '0', 0, 'en', CURRENT_TIMESTAMP(''), 1, 'CAT6');
INSERT INTO CodeTableItem (TABLENAME, CODE, DESCRIPTION, ANNOTATION, COMMENTS, ISENABLED, SORTORDER, LOCALEIDENTIFIER, LASTWRITTEN, VERSIONNO, PARENTCODE) VALUES ('RequestType', 'TYPE_11', 'Insert Provider Group Associate', '', '', '0', 0, 'en', CURRENT_TIMESTAMP(''), 1, 'CAT7');
INSERT INTO CodeTableItem (TABLENAME, CODE, DESCRIPTION, ANNOTATION, COMMENTS, ISENABLED, SORTORDER, LOCALEIDENTIFIER, LASTWRITTEN, VERSIONNO, PARENTCODE) VALUES ('RequestType', 'TYPE_12', 'Modify Provider Group Associate', '', '', '0', 0, 'en', CURRENT_TIMESTAMP(''), 1, 'CAT7');
INSERT INTO CodeTableItem (TABLENAME, CODE, DESCRIPTION, ANNOTATION, COMMENTS, ISENABLED, SORTORDER, LOCALEIDENTIFIER, LASTWRITTEN, VERSIONNO, PARENTCODE) VALUES ('RequestType', 'TYPE_13', 'Delete Provider Group Associate', '', '', '0', 0, 'en', CURRENT_TIMESTAMP(''), 1, 'CAT7');
INSERT INTO CodeTableItem (TABLENAME, CODE, DESCRIPTION, ANNOTATION, COMMENTS, ISENABLED, SORTORDER, LOCALEIDENTIFIER, LASTWRITTEN, VERSIONNO, PARENTCODE) VALUES ('RequestType', 'TYPE_14', 'Add Provider Member', '', '', '0', 0, 'en', CURRENT_TIMESTAMP(''), 1, 'CAT8');
INSERT INTO CodeTableItem (TABLENAME, CODE, DESCRIPTION, ANNOTATION, COMMENTS, ISENABLED, SORTORDER, LOCALEIDENTIFIER, LASTWRITTEN, VERSIONNO, PARENTCODE) VALUES ('RequestType', 'TYPE_15', 'Edit Provider Member', '', '', '0', 0, 'en', CURRENT_TIMESTAMP(''), 1, 'CAT8');
INSERT INTO CodeTableItem (TABLENAME, CODE, DESCRIPTION, ANNOTATION, COMMENTS, ISENABLED, SORTORDER, LOCALEIDENTIFIER, LASTWRITTEN, VERSIONNO, PARENTCODE) VALUES ('RequestType', 'TYPE_16', 'Delete Provider Member', '', '', '0', 0, 'en', CURRENT_TIMESTAMP(''), 1, 'CAT8');
INSERT INTO CodeTableItem (TABLENAME, CODE, DESCRIPTION, ANNOTATION, COMMENTS, ISENABLED, SORTORDER, LOCALEIDENTIFIER, LASTWRITTEN, VERSIONNO, PARENTCODE) VALUES ('RequestType', 'TYPE_17', 'Insert Provider Offering', '', '', '0', 0, 'en', CURRENT_TIMESTAMP(''), 1, 'CAT9');
INSERT INTO CodeTableItem (TABLENAME, CODE, DESCRIPTION, ANNOTATION, COMMENTS, ISENABLED, SORTORDER, LOCALEIDENTIFIER, LASTWRITTEN, VERSIONNO, PARENTCODE) VALUES ('RequestType', 'TYPE_18', 'Modify Provider Offering', '', '', '0', 0, 'en', CURRENT_TIMESTAMP(''), 1, 'CAT9');
INSERT INTO CodeTableItem (TABLENAME, CODE, DESCRIPTION, ANNOTATION, COMMENTS, ISENABLED, SORTORDER, LOCALEIDENTIFIER, LASTWRITTEN, VERSIONNO, PARENTCODE) VALUES ('RequestType', 'TYPE_19', 'Delete Provider Offering', '', '', '0', 0, 'en', CURRENT_TIMESTAMP(''), 1, 'CAT9');
INSERT INTO CodeTableItem (TABLENAME, CODE, DESCRIPTION, ANNOTATION, COMMENTS, ISENABLED, SORTORDER, LOCALEIDENTIFIER, LASTWRITTEN, VERSIONNO, PARENTCODE) VALUES ('RequestType', 'TYPE_20', 'Insert Provider Participant', '', '', '0', 0, 'en', CURRENT_TIMESTAMP(''), 1, 'CAT10');
INSERT INTO CodeTableItem (TABLENAME, CODE, DESCRIPTION, ANNOTATION, COMMENTS, ISENABLED, SORTORDER, LOCALEIDENTIFIER, LASTWRITTEN, VERSIONNO, PARENTCODE) VALUES ('RequestType', 'TYPE_21', 'Insert Provider Type', '', '', '0', 0, 'en', CURRENT_TIMESTAMP(''), 1, 'CAT11');
INSERT INTO CodeTableItem (TABLENAME, CODE, DESCRIPTION, ANNOTATION, COMMENTS, ISENABLED, SORTORDER, LOCALEIDENTIFIER, LASTWRITTEN, VERSIONNO, PARENTCODE) VALUES ('RequestType', 'TYPE_22', 'Modify Provider Type', '', '', '0', 0, 'en', CURRENT_TIMESTAMP(''), 1, 'CAT11');
INSERT INTO CodeTableItem (TABLENAME, CODE, DESCRIPTION, ANNOTATION, COMMENTS, ISENABLED, SORTORDER, LOCALEIDENTIFIER, LASTWRITTEN, VERSIONNO, PARENTCODE) VALUES ('RequestType', 'TYPE_23', 'Delete Provider Type', '', '', '0', 0, 'en', CURRENT_TIMESTAMP(''), 1, 'CAT11');
INSERT INTO CodeTableItem (TABLENAME, CODE, DESCRIPTION, ANNOTATION, COMMENTS, ISENABLED, SORTORDER, LOCALEIDENTIFIER, LASTWRITTEN, VERSIONNO, PARENTCODE) VALUES ('RequestType', 'TYPE_24', 'Re-establish Password', '', '', '0', 0, 'en', CURRENT_TIMESTAMP(''), 1, 'CAT12');
INSERT INTO CodeTableItem (TABLENAME, CODE, DESCRIPTION, ANNOTATION, COMMENTS, ISENABLED, SORTORDER, LOCALEIDENTIFIER, LASTWRITTEN, VERSIONNO, PARENTCODE) VALUES ('RequestType', 'TYPE_25', 'Llistats de serveis complementaris', '', '', '1', 0, 'ca', CURRENT_TIMESTAMP(''), 1, 'CAT13');
INSERT INTO CodeTableItem (TABLENAME, CODE, DESCRIPTION, ANNOTATION, COMMENTS, ISENABLED, SORTORDER, LOCALEIDENTIFIER, LASTWRITTEN, VERSIONNO, PARENTCODE) VALUES ('RequestType', 'TYPE_25', 'Submit Service Invoice Request', '', '', '1', 0, 'en', CURRENT_TIMESTAMP(''), 1, 'CAT13');
INSERT INTO CodeTableItem (TABLENAME, CODE, DESCRIPTION, ANNOTATION, COMMENTS, ISENABLED, SORTORDER, LOCALEIDENTIFIER, LASTWRITTEN, VERSIONNO, PARENTCODE) VALUES ('RequestType', 'TYPE_26', 'Create Service Invoice Request Line Item', '', '', '0', 0, 'en', CURRENT_TIMESTAMP(''), 1, 'CAT14');
INSERT INTO CodeTableItem (TABLENAME, CODE, DESCRIPTION, ANNOTATION, COMMENTS, ISENABLED, SORTORDER, LOCALEIDENTIFIER, LASTWRITTEN, VERSIONNO, PARENTCODE) VALUES ('RequestType', 'TYPE_27', 'Modify Service Invoice Request Line Item', '', '', '0', 0, 'en', CURRENT_TIMESTAMP(''), 1, 'CAT14');
INSERT INTO CodeTableItem (TABLENAME, CODE, DESCRIPTION, ANNOTATION, COMMENTS, ISENABLED, SORTORDER, LOCALEIDENTIFIER, LASTWRITTEN, VERSIONNO, PARENTCODE) VALUES ('RequestType', 'TYPE_28', 'Delete Service Invoice Request Line Item', '', '', '0', 0, 'en', CURRENT_TIMESTAMP(''), 1, 'CAT14');

