--
-- Generated by IBM Curam Generator.
--
-- Generator Copyright IBM Corporation 1999, 2012. All Rights Reserved.
--
-- US Government User Restricted Rights - Use, duplication restricted by GSA ADP Schedule Contract with IBM Corp.
--
--
-- HIERARCHY SpecialCautionHierarchy
--
INSERT INTO CodetableHierarchy (HIERARCHYNAME, CODETABLE, DESCRIPTION, LASTWRITTEN, VERSIONNO) VALUES ('SpecialCautionHierarchy', 'SpecialCautionCategory', '', CURRENT_TIMESTAMP(''), 1);
--
-- CODETABLE SpecialCautionCategory
--
INSERT INTO CodeTableHeader (TableName, TimeEntered, DefaultCode, LASTWRITTEN, VERSIONNO) VALUES ('SpecialCautionCategory', CURRENT_TIMESTAMP(''), '', CURRENT_TIMESTAMP(''), 1);
INSERT INTO CTDISPLAYNAME (TableName, LOCALEIdentifier,TEXT,LASTWRITTEN ) VALUES ( 'SpecialCautionCategory','en','Special Caution Category', CURRENT_TIMESTAMP(''));
INSERT INTO CodeTableItem (TABLENAME, CODE, DESCRIPTION, ANNOTATION, COMMENTS, ISENABLED, SORTORDER, LOCALEIDENTIFIER, LASTWRITTEN, VERSIONNO) VALUES ('SpecialCautionCategory', 'SCC01', 'Alerta de salud', '', '', '0', 0, 'ca', CURRENT_TIMESTAMP(''), 1);
INSERT INTO CodeTableItem (TABLENAME, CODE, DESCRIPTION, ANNOTATION, COMMENTS, ISENABLED, SORTORDER, LOCALEIDENTIFIER, LASTWRITTEN, VERSIONNO) VALUES ('SpecialCautionCategory', 'SCC01', 'Health Alert', '', '', '0', 0, 'en', CURRENT_TIMESTAMP(''), 1);
INSERT INTO CodeTableItem (TABLENAME, CODE, DESCRIPTION, ANNOTATION, COMMENTS, ISENABLED, SORTORDER, LOCALEIDENTIFIER, LASTWRITTEN, VERSIONNO) VALUES ('SpecialCautionCategory', 'SCC02', 'Alerta de seguretat', '', '', '1', 0, 'ca', CURRENT_TIMESTAMP(''), 1);
INSERT INTO CodeTableItem (TABLENAME, CODE, DESCRIPTION, ANNOTATION, COMMENTS, ISENABLED, SORTORDER, LOCALEIDENTIFIER, LASTWRITTEN, VERSIONNO) VALUES ('SpecialCautionCategory', 'SCC02', 'Safety Alert', '', '', '1', 0, 'en', CURRENT_TIMESTAMP(''), 1);
INSERT INTO CodeTableItem (TABLENAME, CODE, DESCRIPTION, ANNOTATION, COMMENTS, ISENABLED, SORTORDER, LOCALEIDENTIFIER, LASTWRITTEN, VERSIONNO) VALUES ('SpecialCautionCategory', 'SCC03', 'Alerta de comportament', '', '', '1', 0, 'ca', CURRENT_TIMESTAMP(''), 1);
INSERT INTO CodeTableItem (TABLENAME, CODE, DESCRIPTION, ANNOTATION, COMMENTS, ISENABLED, SORTORDER, LOCALEIDENTIFIER, LASTWRITTEN, VERSIONNO) VALUES ('SpecialCautionCategory', 'SCC03', 'Behavioral Alert', '', '', '1', 0, 'en', CURRENT_TIMESTAMP(''), 1);
INSERT INTO CodeTableItem (TABLENAME, CODE, DESCRIPTION, ANNOTATION, COMMENTS, ISENABLED, SORTORDER, LOCALEIDENTIFIER, LASTWRITTEN, VERSIONNO) VALUES ('SpecialCautionCategory', 'SCC03', 'Behavioural Alert', '', '', '1', 0, 'en_GB', CURRENT_TIMESTAMP(''), 1);
--
-- CODETABLE SpecialCautionType
--
INSERT INTO CodeTableHeader (TableName, TimeEntered, DefaultCode, LASTWRITTEN, VERSIONNO, PARENTCODETABLE) VALUES ('SpecialCautionType', CURRENT_TIMESTAMP(''), '', CURRENT_TIMESTAMP(''), 1, 'SpecialCautionCategory');
INSERT INTO CTDISPLAYNAME (TableName, LOCALEIdentifier,TEXT,LASTWRITTEN ) VALUES ( 'SpecialCautionType','en','Special Caution Type', CURRENT_TIMESTAMP(''));
INSERT INTO CodeTableItem (TABLENAME, CODE, DESCRIPTION, ANNOTATION, COMMENTS, ISENABLED, SORTORDER, LOCALEIDENTIFIER, LASTWRITTEN, VERSIONNO, PARENTCODE) VALUES ('SpecialCautionType', 'SCSC01', 'Condició mèdica crònica', '', '', '0', 0, 'ca', CURRENT_TIMESTAMP(''), 1, 'SCC01');
INSERT INTO CodeTableItem (TABLENAME, CODE, DESCRIPTION, ANNOTATION, COMMENTS, ISENABLED, SORTORDER, LOCALEIDENTIFIER, LASTWRITTEN, VERSIONNO, PARENTCODE) VALUES ('SpecialCautionType', 'SCSC01', 'Chronic Medical Condition', '', '', '0', 0, 'en', CURRENT_TIMESTAMP(''), 1, 'SCC01');
INSERT INTO CodeTableItem (TABLENAME, CODE, DESCRIPTION, ANNOTATION, COMMENTS, ISENABLED, SORTORDER, LOCALEIDENTIFIER, LASTWRITTEN, VERSIONNO, PARENTCODE) VALUES ('SpecialCautionType', 'SCSC02', 'Enfermetat contagiosa', '', '', '0', 0, 'ca', CURRENT_TIMESTAMP(''), 1, 'SCC01');
INSERT INTO CodeTableItem (TABLENAME, CODE, DESCRIPTION, ANNOTATION, COMMENTS, ISENABLED, SORTORDER, LOCALEIDENTIFIER, LASTWRITTEN, VERSIONNO, PARENTCODE) VALUES ('SpecialCautionType', 'SCSC02', 'Contagious Disease', '', '', '0', 0, 'en', CURRENT_TIMESTAMP(''), 1, 'SCC01');
INSERT INTO CodeTableItem (TABLENAME, CODE, DESCRIPTION, ANNOTATION, COMMENTS, ISENABLED, SORTORDER, LOCALEIDENTIFIER, LASTWRITTEN, VERSIONNO, PARENTCODE) VALUES ('SpecialCautionType', 'SCSC03', 'Risc de VIH', '', '', '0', 0, 'ca', CURRENT_TIMESTAMP(''), 1, 'SCC01');
INSERT INTO CodeTableItem (TABLENAME, CODE, DESCRIPTION, ANNOTATION, COMMENTS, ISENABLED, SORTORDER, LOCALEIDENTIFIER, LASTWRITTEN, VERSIONNO, PARENTCODE) VALUES ('SpecialCautionType', 'SCSC03', 'HIV Risk', '', '', '0', 0, 'en', CURRENT_TIMESTAMP(''), 1, 'SCC01');
INSERT INTO CodeTableItem (TABLENAME, CODE, DESCRIPTION, ANNOTATION, COMMENTS, ISENABLED, SORTORDER, LOCALEIDENTIFIER, LASTWRITTEN, VERSIONNO, PARENTCODE) VALUES ('SpecialCautionType', 'SCSC04', 'Enfermetat mental', '', '', '0', 0, 'ca', CURRENT_TIMESTAMP(''), 1, 'SCC01');
INSERT INTO CodeTableItem (TABLENAME, CODE, DESCRIPTION, ANNOTATION, COMMENTS, ISENABLED, SORTORDER, LOCALEIDENTIFIER, LASTWRITTEN, VERSIONNO, PARENTCODE) VALUES ('SpecialCautionType', 'SCSC04', 'Mental Illness', '', '', '0', 0, 'en', CURRENT_TIMESTAMP(''), 1, 'SCC01');
INSERT INTO CodeTableItem (TABLENAME, CODE, DESCRIPTION, ANNOTATION, COMMENTS, ISENABLED, SORTORDER, LOCALEIDENTIFIER, LASTWRITTEN, VERSIONNO, PARENTCODE) VALUES ('SpecialCautionType', 'SCSC05', 'Al·lèrgies severes', '', '', '0', 0, 'ca', CURRENT_TIMESTAMP(''), 1, 'SCC01');
INSERT INTO CodeTableItem (TABLENAME, CODE, DESCRIPTION, ANNOTATION, COMMENTS, ISENABLED, SORTORDER, LOCALEIDENTIFIER, LASTWRITTEN, VERSIONNO, PARENTCODE) VALUES ('SpecialCautionType', 'SCSC05', 'Severe Allergies', '', '', '0', 0, 'en', CURRENT_TIMESTAMP(''), 1, 'SCC01');
INSERT INTO CodeTableItem (TABLENAME, CODE, DESCRIPTION, ANNOTATION, COMMENTS, ISENABLED, SORTORDER, LOCALEIDENTIFIER, LASTWRITTEN, VERSIONNO, PARENTCODE) VALUES ('SpecialCautionType', 'SCSC06', 'Necessitat dietètiques especials', '', '', '0', 0, 'ca', CURRENT_TIMESTAMP(''), 1, 'SCC01');
INSERT INTO CodeTableItem (TABLENAME, CODE, DESCRIPTION, ANNOTATION, COMMENTS, ISENABLED, SORTORDER, LOCALEIDENTIFIER, LASTWRITTEN, VERSIONNO, PARENTCODE) VALUES ('SpecialCautionType', 'SCSC06', 'Special Dietary Needs', '', '', '0', 0, 'en', CURRENT_TIMESTAMP(''), 1, 'SCC01');
INSERT INTO CodeTableItem (TABLENAME, CODE, DESCRIPTION, ANNOTATION, COMMENTS, ISENABLED, SORTORDER, LOCALEIDENTIFIER, LASTWRITTEN, VERSIONNO, PARENTCODE) VALUES ('SpecialCautionType', 'SCSC07', 'Historial d''abús de substàncies', '', '', '0', 0, 'ca', CURRENT_TIMESTAMP(''), 1, 'SCC01');
INSERT INTO CodeTableItem (TABLENAME, CODE, DESCRIPTION, ANNOTATION, COMMENTS, ISENABLED, SORTORDER, LOCALEIDENTIFIER, LASTWRITTEN, VERSIONNO, PARENTCODE) VALUES ('SpecialCautionType', 'SCSC07', 'Substance Abuse History', '', '', '0', 0, 'en', CURRENT_TIMESTAMP(''), 1, 'SCC01');
INSERT INTO CodeTableItem (TABLENAME, CODE, DESCRIPTION, ANNOTATION, COMMENTS, ISENABLED, SORTORDER, LOCALEIDENTIFIER, LASTWRITTEN, VERSIONNO, PARENTCODE) VALUES ('SpecialCautionType', 'SCSC08', 'Depredador sexual', '', '', '0', 0, 'ca', CURRENT_TIMESTAMP(''), 1, 'SCC02');
INSERT INTO CodeTableItem (TABLENAME, CODE, DESCRIPTION, ANNOTATION, COMMENTS, ISENABLED, SORTORDER, LOCALEIDENTIFIER, LASTWRITTEN, VERSIONNO, PARENTCODE) VALUES ('SpecialCautionType', 'SCSC08', 'Sexual Predator', '', '', '0', 0, 'en', CURRENT_TIMESTAMP(''), 1, 'SCC02');
INSERT INTO CodeTableItem (TABLENAME, CODE, DESCRIPTION, ANNOTATION, COMMENTS, ISENABLED, SORTORDER, LOCALEIDENTIFIER, LASTWRITTEN, VERSIONNO, PARENTCODE) VALUES ('SpecialCautionType', 'SCSC09', 'Tendència víctima', '', '', '1', 0, 'ca', CURRENT_TIMESTAMP(''), 1, 'SCC02');
INSERT INTO CodeTableItem (TABLENAME, CODE, DESCRIPTION, ANNOTATION, COMMENTS, ISENABLED, SORTORDER, LOCALEIDENTIFIER, LASTWRITTEN, VERSIONNO, PARENTCODE) VALUES ('SpecialCautionType', 'SCSC09', 'Victim Tendency', '', '', '1', 0, 'en', CURRENT_TIMESTAMP(''), 1, 'SCC02');
INSERT INTO CodeTableItem (TABLENAME, CODE, DESCRIPTION, ANNOTATION, COMMENTS, ISENABLED, SORTORDER, LOCALEIDENTIFIER, LASTWRITTEN, VERSIONNO, PARENTCODE) VALUES ('SpecialCautionType', 'SCSC10', 'Història de delinqüent violent', '', '', '1', 0, 'ca', CURRENT_TIMESTAMP(''), 1, 'SCC02');
INSERT INTO CodeTableItem (TABLENAME, CODE, DESCRIPTION, ANNOTATION, COMMENTS, ISENABLED, SORTORDER, LOCALEIDENTIFIER, LASTWRITTEN, VERSIONNO, PARENTCODE) VALUES ('SpecialCautionType', 'SCSC10', 'Violent Offender History', '', '', '1', 0, 'en', CURRENT_TIMESTAMP(''), 1, 'SCC02');
INSERT INTO CodeTableItem (TABLENAME, CODE, DESCRIPTION, ANNOTATION, COMMENTS, ISENABLED, SORTORDER, LOCALEIDENTIFIER, LASTWRITTEN, VERSIONNO, PARENTCODE) VALUES ('SpecialCautionType', 'SCSC11', 'Fugitiu crònic', '', '', '1', 0, 'ca', CURRENT_TIMESTAMP(''), 1, 'SCC03');
INSERT INTO CodeTableItem (TABLENAME, CODE, DESCRIPTION, ANNOTATION, COMMENTS, ISENABLED, SORTORDER, LOCALEIDENTIFIER, LASTWRITTEN, VERSIONNO, PARENTCODE) VALUES ('SpecialCautionType', 'SCSC11', 'Chronic Runaway', '', '', '1', 0, 'en', CURRENT_TIMESTAMP(''), 1, 'SCC03');
INSERT INTO CodeTableItem (TABLENAME, CODE, DESCRIPTION, ANNOTATION, COMMENTS, ISENABLED, SORTORDER, LOCALEIDENTIFIER, LASTWRITTEN, VERSIONNO, PARENTCODE) VALUES ('SpecialCautionType', 'SCSC12', 'Amenaça de fugida', '', '', '1', 0, 'ca', CURRENT_TIMESTAMP(''), 1, 'SCC03');
INSERT INTO CodeTableItem (TABLENAME, CODE, DESCRIPTION, ANNOTATION, COMMENTS, ISENABLED, SORTORDER, LOCALEIDENTIFIER, LASTWRITTEN, VERSIONNO, PARENTCODE) VALUES ('SpecialCautionType', 'SCSC12', 'Escape Threat', '', '', '1', 0, 'en', CURRENT_TIMESTAMP(''), 1, 'SCC03');
INSERT INTO CodeTableItem (TABLENAME, CODE, DESCRIPTION, ANNOTATION, COMMENTS, ISENABLED, SORTORDER, LOCALEIDENTIFIER, LASTWRITTEN, VERSIONNO, PARENTCODE) VALUES ('SpecialCautionType', 'SCSC13', 'Risc de suicidi', '', '', '0', 0, 'ca', CURRENT_TIMESTAMP(''), 1, 'SCC03');
INSERT INTO CodeTableItem (TABLENAME, CODE, DESCRIPTION, ANNOTATION, COMMENTS, ISENABLED, SORTORDER, LOCALEIDENTIFIER, LASTWRITTEN, VERSIONNO, PARENTCODE) VALUES ('SpecialCautionType', 'SCSC13', 'Suicide Risk', '', '', '0', 0, 'en', CURRENT_TIMESTAMP(''), 1, 'SCC03');

